subject,chapter,chapter_title,question,expected_answer,student_answer,marks,max_marks,feedback,evaluation_parameter,prompt,response
english,chapter_1,Ice-cream Man,In which season is ice-cream popular?,Ice-cream is popular in the hot summer season.,Ice-cream is popular in the hot summer season.,5,5,Excellent answer! You explained the concept of Ice-cream Man very clearly.,Conceptual Understanding & Factual Accuracy,"Subject: english
Chapter: Ice-cream Man
Question: In which season is ice-cream popular?
Expected Answer: Ice-cream is popular in the hot summer season.
Student Answer: Ice-cream is popular in the hot summer season.
Evaluate the student's answer. Return: marks out of 5, feedback, and evaluation_parameter.",5/5 | Parameter: Conceptual Understanding & Factual Accuracy | Feedback: Excellent answer! You explained the concept of Ice-cream Man very clearly.
english,chapter_1,Ice-cream Man,In which season is ice-cream popular?,Ice-cream is popular in the hot summer season.,Ice-cream is popular in.,3,5,"Good attempt. You mentioned some correct points, but please add more details for a complete explanation.",Incomplete Explanation,"Subject: english
Chapter: Ice-cream Man
Question: In which season is ice-cream popular?
Expected Answer: Ice-cream is popular in the hot summer season.
Student Answer: Ice-cream is popular in.
Evaluate the student's answer. Return: marks out of 5, feedback, and evaluation_parameter.","3/5 | Parameter: Incomplete Explanation | Feedback: Good attempt. You mentioned some correct points, but please add more details for a complete explanation."
english,chapter_1,Ice-cream Man,In which season is ice-cream popular?,Ice-cream is popular in the hot summer season.,I don't know the answer to this question.,0,5,This answer needs more effort and a clearer understanding of the topic.,Missing Knowledge,"Subject: english
Chapter: Ice-cream Man
Question: In which season is ice-cream popular?
Expected Answer: Ice-cream is popular in the hot summer season.
Student Answer: I don't know the answer to this question.
Evaluate the student's answer. Return: marks out of 5, feedback, and evaluation_parameter.",0/5 | Parameter: Missing Knowledge | Feedback: This answer needs more effort and a clearer understanding of the topic.
english,chapter_1,Ice-cream Man,Who feels joyful on seeing the Ice-cream Man?,Children feel joyful on seeing the Ice-cream Man.,Children feel joyful on seeing the Ice-cream Man.,5,5,Excellent answer! You explained the concept of Ice-cream Man very clearly.,Conceptual Understanding & Factual Accuracy,"Subject: english
Chapter: Ice-cream Man
Question: Who feels joyful on seeing the Ice-cream Man?
Expected Answer: Children feel joyful on seeing the Ice-cream Man.
Student Answer: Children feel joyful on seeing the Ice-cream Man.
Evaluate the student's answer. Return: marks out of 5, feedback, and evaluation_parameter.",5/5 | Parameter: Conceptual Understanding & Factual Accuracy | Feedback: Excellent answer! You explained the concept of Ice-cream Man very clearly.
english,chapter_1,Ice-cream Man,Who feels joyful on seeing the Ice-cream Man?,Children feel joyful on seeing the Ice-cream Man.,Children feel joyful on.,3,5,"Good attempt. You mentioned some correct points, but please add more details for a complete explanation.",Incomplete Explanation,"Subject: english
Chapter: Ice-cream Man
Question: Who feels joyful on seeing the Ice-cream Man?
Expected Answer: Children feel joyful on seeing the Ice-cream Man.
Student Answer: Children feel joyful on.
Evaluate the student's answer. Return: marks out of 5, feedback, and evaluation_parameter.","3/5 | Parameter: Incomplete Explanation | Feedback: Good attempt. You mentioned some correct points, but please add more details for a complete explanation."
english,chapter_1,Ice-cream Man,Who feels joyful on seeing the Ice-cream Man?,Children feel joyful on seeing the Ice-cream Man.,I don't know the answer to this question.,0,5,This answer needs more effort and a clearer understanding of the topic.,Missing Knowledge,"Subject: english
Chapter: Ice-cream Man
Question: Who feels joyful on seeing the Ice-cream Man?
Expected Answer: Children feel joyful on seeing the Ice-cream Man.
Student Answer: I don't know the answer to this question.
Evaluate the student's answer. Return: marks out of 5, feedback, and evaluation_parameter.",0/5 | Parameter: Missing Knowledge | Feedback: This answer needs more effort and a clearer understanding of the topic.
english,chapter_1,Ice-cream Man,What are the two things that the Ice-cream Man is selling?,He is selling cold drinks and sweet ice-cream in different flavors.,He is selling cold drinks and sweet ice-cream in different flavors.,5,5,Excellent answer! You explained the concept of Ice-cream Man very clearly.,Conceptual Understanding & Factual Accuracy,"Subject: english
Chapter: Ice-cream Man
Question: What are the two things that the Ice-cream Man is selling?
Expected Answer: He is selling cold drinks and sweet ice-cream in different flavors.
Student Answer: He is selling cold drinks and sweet ice-cream in different flavors.
Evaluate the student's answer. Return: marks out of 5, feedback, and evaluation_parameter.",5/5 | Parameter: Conceptual Understanding & Factual Accuracy | Feedback: Excellent answer! You explained the concept of Ice-cream Man very clearly.
english,chapter_1,Ice-cream Man,What are the two things that the Ice-cream Man is selling?,He is selling cold drinks and sweet ice-cream in different flavors.,He is selling cold drinks.,3,5,"Good attempt. You mentioned some correct points, but please add more details for a complete explanation.",Incomplete Explanation,"Subject: english
Chapter: Ice-cream Man
Question: What are the two things that the Ice-cream Man is selling?
Expected Answer: He is selling cold drinks and sweet ice-cream in different flavors.
Student Answer: He is selling cold drinks.
Evaluate the student's answer. Return: marks out of 5, feedback, and evaluation_parameter.","3/5 | Parameter: Incomplete Explanation | Feedback: Good attempt. You mentioned some correct points, but please add more details for a complete explanation."
english,chapter_1,Ice-cream Man,What are the two things that the Ice-cream Man is selling?,He is selling cold drinks and sweet ice-cream in different flavors.,I don't know the answer to this question.,0,5,This answer needs more effort and a clearer understanding of the topic.,Missing Knowledge,"Subject: english
Chapter: Ice-cream Man
Question: What are the two things that the Ice-cream Man is selling?
Expected Answer: He is selling cold drinks and sweet ice-cream in different flavors.
Student Answer: I don't know the answer to this question.
Evaluate the student's answer. Return: marks out of 5, feedback, and evaluation_parameter.",0/5 | Parameter: Missing Knowledge | Feedback: This answer needs more effort and a clearer understanding of the topic.
english,chapter_1,Ice-cream Man,What is the ice-cream cart compared to in the poem?,The ice-cream cart is compared to a flower bed of roses and sweet peas.,The ice-cream cart is compared to a flower bed of roses and sweet peas.,5,5,Excellent answer! You explained the concept of Ice-cream Man very clearly.,Conceptual Understanding & Factual Accuracy,"Subject: english
Chapter: Ice-cream Man
Question: What is the ice-cream cart compared to in the poem?
Expected Answer: The ice-cream cart is compared to a flower bed of roses and sweet peas.
Student Answer: The ice-cream cart is compared to a flower bed of roses and sweet peas.
Evaluate the student's answer. Return: marks out of 5, feedback, and evaluation_parameter.",5/5 | Parameter: Conceptual Understanding & Factual Accuracy | Feedback: Excellent answer! You explained the concept of Ice-cream Man very clearly.
english,chapter_1,Ice-cream Man,What is the ice-cream cart compared to in the poem?,The ice-cream cart is compared to a flower bed of roses and sweet peas.,The ice-cream cart is compared to a.,3,5,"Good attempt. You mentioned some correct points, but please add more details for a complete explanation.",Incomplete Explanation,"Subject: english
Chapter: Ice-cream Man
Question: What is the ice-cream cart compared to in the poem?
Expected Answer: The ice-cream cart is compared to a flower bed of roses and sweet peas.
Student Answer: The ice-cream cart is compared to a.
Evaluate the student's answer. Return: marks out of 5, feedback, and evaluation_parameter.","3/5 | Parameter: Incomplete Explanation | Feedback: Good attempt. You mentioned some correct points, but please add more details for a complete explanation."
english,chapter_1,Ice-cream Man,What is the ice-cream cart compared to in the poem?,The ice-cream cart is compared to a flower bed of roses and sweet peas.,I don't know the answer to this question.,0,5,This answer needs more effort and a clearer understanding of the topic.,Missing Knowledge,"Subject: english
Chapter: Ice-cream Man
Question: What is the ice-cream cart compared to in the poem?
Expected Answer: The ice-cream cart is compared to a flower bed of roses and sweet peas.
Student Answer: I don't know the answer to this question.
Evaluate the student's answer. Return: marks out of 5, feedback, and evaluation_parameter.",0/5 | Parameter: Missing Knowledge | Feedback: This answer needs more effort and a clearer understanding of the topic.
english,chapter_1,Ice-cream Man,Where does the Ice-cream Man go with his cart?,He goes through the streets of the city with his cart.,He goes through the streets of the city with his cart.,5,5,Excellent answer! You explained the concept of Ice-cream Man very clearly.,Conceptual Understanding & Factual Accuracy,"Subject: english
Chapter: Ice-cream Man
Question: Where does the Ice-cream Man go with his cart?
Expected Answer: He goes through the streets of the city with his cart.
Student Answer: He goes through the streets of the city with his cart.
Evaluate the student's answer. Return: marks out of 5, feedback, and evaluation_parameter.",5/5 | Parameter: Conceptual Understanding & Factual Accuracy | Feedback: Excellent answer! You explained the concept of Ice-cream Man very clearly.
english,chapter_1,Ice-cream Man,Where does the Ice-cream Man go with his cart?,He goes through the streets of the city with his cart.,He goes through the streets.,3,5,"Good attempt. You mentioned some correct points, but please add more details for a complete explanation.",Incomplete Explanation,"Subject: english
Chapter: Ice-cream Man
Question: Where does the Ice-cream Man go with his cart?
Expected Answer: He goes through the streets of the city with his cart.
Student Answer: He goes through the streets.
Evaluate the student's answer. Return: marks out of 5, feedback, and evaluation_parameter.","3/5 | Parameter: Incomplete Explanation | Feedback: Good attempt. You mentioned some correct points, but please add more details for a complete explanation."
english,chapter_1,Ice-cream Man,Where does the Ice-cream Man go with his cart?,He goes through the streets of the city with his cart.,I don't know the answer to this question.,0,5,This answer needs more effort and a clearer understanding of the topic.,Missing Knowledge,"Subject: english
Chapter: Ice-cream Man
Question: Where does the Ice-cream Man go with his cart?
Expected Answer: He goes through the streets of the city with his cart.
Student Answer: I don't know the answer to this question.
Evaluate the student's answer. Return: marks out of 5, feedback, and evaluation_parameter.",0/5 | Parameter: Missing Knowledge | Feedback: This answer needs more effort and a clearer understanding of the topic.
english,chapter_1,Ice-cream Man,What flavors of ice-cream does the Ice-cream Man have in his cart?,"He has vanilla, chocolate, and strawberry flavors in his cart.","He has vanilla, chocolate, and strawberry flavors in his cart.",5,5,Excellent answer! You explained the concept of Ice-cream Man very clearly.,Conceptual Understanding & Factual Accuracy,"Subject: english
Chapter: Ice-cream Man
Question: What flavors of ice-cream does the Ice-cream Man have in his cart?
Expected Answer: He has vanilla, chocolate, and strawberry flavors in his cart.
Student Answer: He has vanilla, chocolate, and strawberry flavors in his cart.
Evaluate the student's answer. Return: marks out of 5, feedback, and evaluation_parameter.",5/5 | Parameter: Conceptual Understanding & Factual Accuracy | Feedback: Excellent answer! You explained the concept of Ice-cream Man very clearly.
english,chapter_1,Ice-cream Man,What flavors of ice-cream does the Ice-cream Man have in his cart?,"He has vanilla, chocolate, and strawberry flavors in his cart.","He has vanilla, chocolate, and.",3,5,"Good attempt. You mentioned some correct points, but please add more details for a complete explanation.",Incomplete Explanation,"Subject: english
Chapter: Ice-cream Man
Question: What flavors of ice-cream does the Ice-cream Man have in his cart?
Expected Answer: He has vanilla, chocolate, and strawberry flavors in his cart.
Student Answer: He has vanilla, chocolate, and.
Evaluate the student's answer. Return: marks out of 5, feedback, and evaluation_parameter.","3/5 | Parameter: Incomplete Explanation | Feedback: Good attempt. You mentioned some correct points, but please add more details for a complete explanation."
english,chapter_1,Ice-cream Man,What flavors of ice-cream does the Ice-cream Man have in his cart?,"He has vanilla, chocolate, and strawberry flavors in his cart.",I don't know the answer to this question.,0,5,This answer needs more effort and a clearer understanding of the topic.,Missing Knowledge,"Subject: english
Chapter: Ice-cream Man
Question: What flavors of ice-cream does the Ice-cream Man have in his cart?
Expected Answer: He has vanilla, chocolate, and strawberry flavors in his cart.
Student Answer: I don't know the answer to this question.
Evaluate the student's answer. Return: marks out of 5, feedback, and evaluation_parameter.",0/5 | Parameter: Missing Knowledge | Feedback: This answer needs more effort and a clearer understanding of the topic.
english,chapter_1,Ice-cream Man,Describe the Ice-cream Man's cart structure.,It is a round umbrella cart with small wheels that goes trundling down the street.,It is a round umbrella cart with small wheels that goes trundling down the street.,5,5,Excellent answer! You explained the concept of Ice-cream Man very clearly.,Conceptual Understanding & Factual Accuracy,"Subject: english
Chapter: Ice-cream Man
Question: Describe the Ice-cream Man's cart structure.
Expected Answer: It is a round umbrella cart with small wheels that goes trundling down the street.
Student Answer: It is a round umbrella cart with small wheels that goes trundling down the street.
Evaluate the student's answer. Return: marks out of 5, feedback, and evaluation_parameter.",5/5 | Parameter: Conceptual Understanding & Factual Accuracy | Feedback: Excellent answer! You explained the concept of Ice-cream Man very clearly.
english,chapter_1,Ice-cream Man,Describe the Ice-cream Man's cart structure.,It is a round umbrella cart with small wheels that goes trundling down the street.,It is a round umbrella cart with.,3,5,"Good attempt. You mentioned some correct points, but please add more details for a complete explanation.",Incomplete Explanation,"Subject: english
Chapter: Ice-cream Man
Question: Describe the Ice-cream Man's cart structure.
Expected Answer: It is a round umbrella cart with small wheels that goes trundling down the street.
Student Answer: It is a round umbrella cart with.
Evaluate the student's answer. Return: marks out of 5, feedback, and evaluation_parameter.","3/5 | Parameter: Incomplete Explanation | Feedback: Good attempt. You mentioned some correct points, but please add more details for a complete explanation."
english,chapter_1,Ice-cream Man,Describe the Ice-cream Man's cart structure.,It is a round umbrella cart with small wheels that goes trundling down the street.,I don't know the answer to this question.,0,5,This answer needs more effort and a clearer understanding of the topic.,Missing Knowledge,"Subject: english
Chapter: Ice-cream Man
Question: Describe the Ice-cream Man's cart structure.
Expected Answer: It is a round umbrella cart with small wheels that goes trundling down the street.
Student Answer: I don't know the answer to this question.
Evaluate the student's answer. Return: marks out of 5, feedback, and evaluation_parameter.",0/5 | Parameter: Missing Knowledge | Feedback: This answer needs more effort and a clearer understanding of the topic.
english,chapter_1,Ice-cream Man,Why do children cluster around the Ice-cream Man?,"They cluster around him to get sweet ice-cream, like honeybees around flowers.","They cluster around him to get sweet ice-cream, like honeybees around flowers.",5,5,Excellent answer! You explained the concept of Ice-cream Man very clearly.,Conceptual Understanding & Factual Accuracy,"Subject: english
Chapter: Ice-cream Man
Question: Why do children cluster around the Ice-cream Man?
Expected Answer: They cluster around him to get sweet ice-cream, like honeybees around flowers.
Student Answer: They cluster around him to get sweet ice-cream, like honeybees around flowers.
Evaluate the student's answer. Return: marks out of 5, feedback, and evaluation_parameter.",5/5 | Parameter: Conceptual Understanding & Factual Accuracy | Feedback: Excellent answer! You explained the concept of Ice-cream Man very clearly.
english,chapter_1,Ice-cream Man,Why do children cluster around the Ice-cream Man?,"They cluster around him to get sweet ice-cream, like honeybees around flowers.",They cluster around him to get.,3,5,"Good attempt. You mentioned some correct points, but please add more details for a complete explanation.",Incomplete Explanation,"Subject: english
Chapter: Ice-cream Man
Question: Why do children cluster around the Ice-cream Man?
Expected Answer: They cluster around him to get sweet ice-cream, like honeybees around flowers.
Student Answer: They cluster around him to get.
Evaluate the student's answer. Return: marks out of 5, feedback, and evaluation_parameter.","3/5 | Parameter: Incomplete Explanation | Feedback: Good attempt. You mentioned some correct points, but please add more details for a complete explanation."
english,chapter_1,Ice-cream Man,Why do children cluster around the Ice-cream Man?,"They cluster around him to get sweet ice-cream, like honeybees around flowers.",I don't know the answer to this question.,0,5,This answer needs more effort and a clearer understanding of the topic.,Missing Knowledge,"Subject: english
Chapter: Ice-cream Man
Question: Why do children cluster around the Ice-cream Man?
Expected Answer: They cluster around him to get sweet ice-cream, like honeybees around flowers.
Student Answer: I don't know the answer to this question.
Evaluate the student's answer. Return: marks out of 5, feedback, and evaluation_parameter.",0/5 | Parameter: Missing Knowledge | Feedback: This answer needs more effort and a clearer understanding of the topic.
english,chapter_2,Wonderful Waste,What did the cook prepare from the vegetable scraps?,The cook washed the vegetable scraps and boiled them to prepare a new dish called Avial.,The cook washed the vegetable scraps and boiled them to prepare a new dish called Avial.,5,5,Excellent answer! You explained the concept of Wonderful Waste very clearly.,Conceptual Understanding & Factual Accuracy,"Subject: english
Chapter: Wonderful Waste
Question: What did the cook prepare from the vegetable scraps?
Expected Answer: The cook washed the vegetable scraps and boiled them to prepare a new dish called Avial.
Student Answer: The cook washed the vegetable scraps and boiled them to prepare a new dish called Avial.
Evaluate the student's answer. Return: marks out of 5, feedback, and evaluation_parameter.",5/5 | Parameter: Conceptual Understanding & Factual Accuracy | Feedback: Excellent answer! You explained the concept of Wonderful Waste very clearly.
english,chapter_2,Wonderful Waste,What did the cook prepare from the vegetable scraps?,The cook washed the vegetable scraps and boiled them to prepare a new dish called Avial.,The cook washed the vegetable scraps and boiled.,3,5,"Good attempt. You mentioned some correct points, but please add more details for a complete explanation.",Incomplete Explanation,"Subject: english
Chapter: Wonderful Waste
Question: What did the cook prepare from the vegetable scraps?
Expected Answer: The cook washed the vegetable scraps and boiled them to prepare a new dish called Avial.
Student Answer: The cook washed the vegetable scraps and boiled.
Evaluate the student's answer. Return: marks out of 5, feedback, and evaluation_parameter.","3/5 | Parameter: Incomplete Explanation | Feedback: Good attempt. You mentioned some correct points, but please add more details for a complete explanation."
english,chapter_2,Wonderful Waste,What did the cook prepare from the vegetable scraps?,The cook washed the vegetable scraps and boiled them to prepare a new dish called Avial.,I don't know the answer to this question.,0,5,This answer needs more effort and a clearer understanding of the topic.,Missing Knowledge,"Subject: english
Chapter: Wonderful Waste
Question: What did the cook prepare from the vegetable scraps?
Expected Answer: The cook washed the vegetable scraps and boiled them to prepare a new dish called Avial.
Student Answer: I don't know the answer to this question.
Evaluate the student's answer. Return: marks out of 5, feedback, and evaluation_parameter.",0/5 | Parameter: Missing Knowledge | Feedback: This answer needs more effort and a clearer understanding of the topic.
english,chapter_2,Wonderful Waste,Why did the Maharaja enter the kitchen?,The Maharaja entered the kitchen to inspect the dishes prepared for the grand dinner.,The Maharaja entered the kitchen to inspect the dishes prepared for the grand dinner.,5,5,Excellent answer! You explained the concept of Wonderful Waste very clearly.,Conceptual Understanding & Factual Accuracy,"Subject: english
Chapter: Wonderful Waste
Question: Why did the Maharaja enter the kitchen?
Expected Answer: The Maharaja entered the kitchen to inspect the dishes prepared for the grand dinner.
Student Answer: The Maharaja entered the kitchen to inspect the dishes prepared for the grand dinner.
Evaluate the student's answer. Return: marks out of 5, feedback, and evaluation_parameter.",5/5 | Parameter: Conceptual Understanding & Factual Accuracy | Feedback: Excellent answer! You explained the concept of Wonderful Waste very clearly.
english,chapter_2,Wonderful Waste,Why did the Maharaja enter the kitchen?,The Maharaja entered the kitchen to inspect the dishes prepared for the grand dinner.,The Maharaja entered the kitchen to inspect.,3,5,"Good attempt. You mentioned some correct points, but please add more details for a complete explanation.",Incomplete Explanation,"Subject: english
Chapter: Wonderful Waste
Question: Why did the Maharaja enter the kitchen?
Expected Answer: The Maharaja entered the kitchen to inspect the dishes prepared for the grand dinner.
Student Answer: The Maharaja entered the kitchen to inspect.
Evaluate the student's answer. Return: marks out of 5, feedback, and evaluation_parameter.","3/5 | Parameter: Incomplete Explanation | Feedback: Good attempt. You mentioned some correct points, but please add more details for a complete explanation."
english,chapter_2,Wonderful Waste,Why did the Maharaja enter the kitchen?,The Maharaja entered the kitchen to inspect the dishes prepared for the grand dinner.,I don't know the answer to this question.,0,5,This answer needs more effort and a clearer understanding of the topic.,Missing Knowledge,"Subject: english
Chapter: Wonderful Waste
Question: Why did the Maharaja enter the kitchen?
Expected Answer: The Maharaja entered the kitchen to inspect the dishes prepared for the grand dinner.
Student Answer: I don't know the answer to this question.
Evaluate the student's answer. Return: marks out of 5, feedback, and evaluation_parameter.",0/5 | Parameter: Missing Knowledge | Feedback: This answer needs more effort and a clearer understanding of the topic.
english,chapter_2,Wonderful Waste,What is the name of the famous dish made from waste in Kerala?,The famous dish made from waste in Kerala is called Avial.,The famous dish made from waste in Kerala is called Avial.,5,5,Excellent answer! You explained the concept of Wonderful Waste very clearly.,Conceptual Understanding & Factual Accuracy,"Subject: english
Chapter: Wonderful Waste
Question: What is the name of the famous dish made from waste in Kerala?
Expected Answer: The famous dish made from waste in Kerala is called Avial.
Student Answer: The famous dish made from waste in Kerala is called Avial.
Evaluate the student's answer. Return: marks out of 5, feedback, and evaluation_parameter.",5/5 | Parameter: Conceptual Understanding & Factual Accuracy | Feedback: Excellent answer! You explained the concept of Wonderful Waste very clearly.
english,chapter_2,Wonderful Waste,What is the name of the famous dish made from waste in Kerala?,The famous dish made from waste in Kerala is called Avial.,The famous dish made from.,3,5,"Good attempt. You mentioned some correct points, but please add more details for a complete explanation.",Incomplete Explanation,"Subject: english
Chapter: Wonderful Waste
Question: What is the name of the famous dish made from waste in Kerala?
Expected Answer: The famous dish made from waste in Kerala is called Avial.
Student Answer: The famous dish made from.
Evaluate the student's answer. Return: marks out of 5, feedback, and evaluation_parameter.","3/5 | Parameter: Incomplete Explanation | Feedback: Good attempt. You mentioned some correct points, but please add more details for a complete explanation."
english,chapter_2,Wonderful Waste,What is the name of the famous dish made from waste in Kerala?,The famous dish made from waste in Kerala is called Avial.,I don't know the answer to this question.,0,5,This answer needs more effort and a clearer understanding of the topic.,Missing Knowledge,"Subject: english
Chapter: Wonderful Waste
Question: What is the name of the famous dish made from waste in Kerala?
Expected Answer: The famous dish made from waste in Kerala is called Avial.
Student Answer: I don't know the answer to this question.
Evaluate the student's answer. Return: marks out of 5, feedback, and evaluation_parameter.",0/5 | Parameter: Missing Knowledge | Feedback: This answer needs more effort and a clearer understanding of the topic.
english,chapter_2,Wonderful Waste,What did the king order the cook to do with the vegetable scraps?,The king ordered the cook to find a way to use the vegetable scraps instead of throwing them away.,The king ordered the cook to find a way to use the vegetable scraps instead of throwing them away.,5,5,Excellent answer! You explained the concept of Wonderful Waste very clearly.,Conceptual Understanding & Factual Accuracy,"Subject: english
Chapter: Wonderful Waste
Question: What did the king order the cook to do with the vegetable scraps?
Expected Answer: The king ordered the cook to find a way to use the vegetable scraps instead of throwing them away.
Student Answer: The king ordered the cook to find a way to use the vegetable scraps instead of throwing them away.
Evaluate the student's answer. Return: marks out of 5, feedback, and evaluation_parameter.",5/5 | Parameter: Conceptual Understanding & Factual Accuracy | Feedback: Excellent answer! You explained the concept of Wonderful Waste very clearly.
english,chapter_2,Wonderful Waste,What did the king order the cook to do with the vegetable scraps?,The king ordered the cook to find a way to use the vegetable scraps instead of throwing them away.,The king ordered the cook to find a way.,3,5,"Good attempt. You mentioned some correct points, but please add more details for a complete explanation.",Incomplete Explanation,"Subject: english
Chapter: Wonderful Waste
Question: What did the king order the cook to do with the vegetable scraps?
Expected Answer: The king ordered the cook to find a way to use the vegetable scraps instead of throwing them away.
Student Answer: The king ordered the cook to find a way.
Evaluate the student's answer. Return: marks out of 5, feedback, and evaluation_parameter.","3/5 | Parameter: Incomplete Explanation | Feedback: Good attempt. You mentioned some correct points, but please add more details for a complete explanation."
english,chapter_2,Wonderful Waste,What did the king order the cook to do with the vegetable scraps?,The king ordered the cook to find a way to use the vegetable scraps instead of throwing them away.,I don't know the answer to this question.,0,5,This answer needs more effort and a clearer understanding of the topic.,Missing Knowledge,"Subject: english
Chapter: Wonderful Waste
Question: What did the king order the cook to do with the vegetable scraps?
Expected Answer: The king ordered the cook to find a way to use the vegetable scraps instead of throwing them away.
Student Answer: I don't know the answer to this question.
Evaluate the student's answer. Return: marks out of 5, feedback, and evaluation_parameter.",0/5 | Parameter: Missing Knowledge | Feedback: This answer needs more effort and a clearer understanding of the topic.
english,chapter_2,Wonderful Waste,What ingredients did the cook use to garnish Avial?,"He used coconut, green chilies, garlic, and curry leaves to garnish and flavor the dish.","He used coconut, green chilies, garlic, and curry leaves to garnish and flavor the dish.",5,5,Excellent answer! You explained the concept of Wonderful Waste very clearly.,Conceptual Understanding & Factual Accuracy,"Subject: english
Chapter: Wonderful Waste
Question: What ingredients did the cook use to garnish Avial?
Expected Answer: He used coconut, green chilies, garlic, and curry leaves to garnish and flavor the dish.
Student Answer: He used coconut, green chilies, garlic, and curry leaves to garnish and flavor the dish.
Evaluate the student's answer. Return: marks out of 5, feedback, and evaluation_parameter.",5/5 | Parameter: Conceptual Understanding & Factual Accuracy | Feedback: Excellent answer! You explained the concept of Wonderful Waste very clearly.
english,chapter_2,Wonderful Waste,What ingredients did the cook use to garnish Avial?,"He used coconut, green chilies, garlic, and curry leaves to garnish and flavor the dish.","He used coconut, green chilies, garlic, and.",3,5,"Good attempt. You mentioned some correct points, but please add more details for a complete explanation.",Incomplete Explanation,"Subject: english
Chapter: Wonderful Waste
Question: What ingredients did the cook use to garnish Avial?
Expected Answer: He used coconut, green chilies, garlic, and curry leaves to garnish and flavor the dish.
Student Answer: He used coconut, green chilies, garlic, and.
Evaluate the student's answer. Return: marks out of 5, feedback, and evaluation_parameter.","3/5 | Parameter: Incomplete Explanation | Feedback: Good attempt. You mentioned some correct points, but please add more details for a complete explanation."
english,chapter_2,Wonderful Waste,What ingredients did the cook use to garnish Avial?,"He used coconut, green chilies, garlic, and curry leaves to garnish and flavor the dish.",I don't know the answer to this question.,0,5,This answer needs more effort and a clearer understanding of the topic.,Missing Knowledge,"Subject: english
Chapter: Wonderful Waste
Question: What ingredients did the cook use to garnish Avial?
Expected Answer: He used coconut, green chilies, garlic, and curry leaves to garnish and flavor the dish.
Student Answer: I don't know the answer to this question.
Evaluate the student's answer. Return: marks out of 5, feedback, and evaluation_parameter.",0/5 | Parameter: Missing Knowledge | Feedback: This answer needs more effort and a clearer understanding of the topic.
english,chapter_2,Wonderful Waste,How did the guests feel when they tasted Avial?,All the guests loved the new dish and were eager to know its name.,All the guests loved the new dish and were eager to know its name.,5,5,Excellent answer! You explained the concept of Wonderful Waste very clearly.,Conceptual Understanding & Factual Accuracy,"Subject: english
Chapter: Wonderful Waste
Question: How did the guests feel when they tasted Avial?
Expected Answer: All the guests loved the new dish and were eager to know its name.
Student Answer: All the guests loved the new dish and were eager to know its name.
Evaluate the student's answer. Return: marks out of 5, feedback, and evaluation_parameter.",5/5 | Parameter: Conceptual Understanding & Factual Accuracy | Feedback: Excellent answer! You explained the concept of Wonderful Waste very clearly.
english,chapter_2,Wonderful Waste,How did the guests feel when they tasted Avial?,All the guests loved the new dish and were eager to know its name.,All the guests loved the new dish.,3,5,"Good attempt. You mentioned some correct points, but please add more details for a complete explanation.",Incomplete Explanation,"Subject: english
Chapter: Wonderful Waste
Question: How did the guests feel when they tasted Avial?
Expected Answer: All the guests loved the new dish and were eager to know its name.
Student Answer: All the guests loved the new dish.
Evaluate the student's answer. Return: marks out of 5, feedback, and evaluation_parameter.","3/5 | Parameter: Incomplete Explanation | Feedback: Good attempt. You mentioned some correct points, but please add more details for a complete explanation."
english,chapter_2,Wonderful Waste,How did the guests feel when they tasted Avial?,All the guests loved the new dish and were eager to know its name.,I don't know the answer to this question.,0,5,This answer needs more effort and a clearer understanding of the topic.,Missing Knowledge,"Subject: english
Chapter: Wonderful Waste
Question: How did the guests feel when they tasted Avial?
Expected Answer: All the guests loved the new dish and were eager to know its name.
Student Answer: I don't know the answer to this question.
Evaluate the student's answer. Return: marks out of 5, feedback, and evaluation_parameter.",0/5 | Parameter: Missing Knowledge | Feedback: This answer needs more effort and a clearer understanding of the topic.
english,chapter_2,Wonderful Waste,What lesson does 'Wonderful Waste' teach us?,It teaches us that waste materials can be recycled creatively to make something useful and wonderful.,It teaches us that waste materials can be recycled creatively to make something useful and wonderful.,5,5,Excellent answer! You explained the concept of Wonderful Waste very clearly.,Conceptual Understanding & Factual Accuracy,"Subject: english
Chapter: Wonderful Waste
Question: What lesson does 'Wonderful Waste' teach us?
Expected Answer: It teaches us that waste materials can be recycled creatively to make something useful and wonderful.
Student Answer: It teaches us that waste materials can be recycled creatively to make something useful and wonderful.
Evaluate the student's answer. Return: marks out of 5, feedback, and evaluation_parameter.",5/5 | Parameter: Conceptual Understanding & Factual Accuracy | Feedback: Excellent answer! You explained the concept of Wonderful Waste very clearly.
english,chapter_2,Wonderful Waste,What lesson does 'Wonderful Waste' teach us?,It teaches us that waste materials can be recycled creatively to make something useful and wonderful.,It teaches us that waste materials can be.,3,5,"Good attempt. You mentioned some correct points, but please add more details for a complete explanation.",Incomplete Explanation,"Subject: english
Chapter: Wonderful Waste
Question: What lesson does 'Wonderful Waste' teach us?
Expected Answer: It teaches us that waste materials can be recycled creatively to make something useful and wonderful.
Student Answer: It teaches us that waste materials can be.
Evaluate the student's answer. Return: marks out of 5, feedback, and evaluation_parameter.","3/5 | Parameter: Incomplete Explanation | Feedback: Good attempt. You mentioned some correct points, but please add more details for a complete explanation."
english,chapter_2,Wonderful Waste,What lesson does 'Wonderful Waste' teach us?,It teaches us that waste materials can be recycled creatively to make something useful and wonderful.,I don't know the answer to this question.,0,5,This answer needs more effort and a clearer understanding of the topic.,Missing Knowledge,"Subject: english
Chapter: Wonderful Waste
Question: What lesson does 'Wonderful Waste' teach us?
Expected Answer: It teaches us that waste materials can be recycled creatively to make something useful and wonderful.
Student Answer: I don't know the answer to this question.
Evaluate the student's answer. Return: marks out of 5, feedback, and evaluation_parameter.",0/5 | Parameter: Missing Knowledge | Feedback: This answer needs more effort and a clearer understanding of the topic.
english,chapter_2,Wonderful Waste,Why did the cook hesitate to throw the waste at first?,The cook hesitated because the Maharaja had strictly ordered him not to waste any vegetable scraps.,The cook hesitated because the Maharaja had strictly ordered him not to waste any vegetable scraps.,5,5,Excellent answer! You explained the concept of Wonderful Waste very clearly.,Conceptual Understanding & Factual Accuracy,"Subject: english
Chapter: Wonderful Waste
Question: Why did the cook hesitate to throw the waste at first?
Expected Answer: The cook hesitated because the Maharaja had strictly ordered him not to waste any vegetable scraps.
Student Answer: The cook hesitated because the Maharaja had strictly ordered him not to waste any vegetable scraps.
Evaluate the student's answer. Return: marks out of 5, feedback, and evaluation_parameter.",5/5 | Parameter: Conceptual Understanding & Factual Accuracy | Feedback: Excellent answer! You explained the concept of Wonderful Waste very clearly.
english,chapter_2,Wonderful Waste,Why did the cook hesitate to throw the waste at first?,The cook hesitated because the Maharaja had strictly ordered him not to waste any vegetable scraps.,The cook hesitated because the Maharaja had strictly.,3,5,"Good attempt. You mentioned some correct points, but please add more details for a complete explanation.",Incomplete Explanation,"Subject: english
Chapter: Wonderful Waste
Question: Why did the cook hesitate to throw the waste at first?
Expected Answer: The cook hesitated because the Maharaja had strictly ordered him not to waste any vegetable scraps.
Student Answer: The cook hesitated because the Maharaja had strictly.
Evaluate the student's answer. Return: marks out of 5, feedback, and evaluation_parameter.","3/5 | Parameter: Incomplete Explanation | Feedback: Good attempt. You mentioned some correct points, but please add more details for a complete explanation."
english,chapter_2,Wonderful Waste,Why did the cook hesitate to throw the waste at first?,The cook hesitated because the Maharaja had strictly ordered him not to waste any vegetable scraps.,I don't know the answer to this question.,0,5,This answer needs more effort and a clearer understanding of the topic.,Missing Knowledge,"Subject: english
Chapter: Wonderful Waste
Question: Why did the cook hesitate to throw the waste at first?
Expected Answer: The cook hesitated because the Maharaja had strictly ordered him not to waste any vegetable scraps.
Student Answer: I don't know the answer to this question.
Evaluate the student's answer. Return: marks out of 5, feedback, and evaluation_parameter.",0/5 | Parameter: Missing Knowledge | Feedback: This answer needs more effort and a clearer understanding of the topic.
english,chapter_3,Robinson Crusoe,Why was Robinson Crusoe afraid when he saw the footprint?,He was afraid because he thought it belonged to a savage who might kill and eat him.,He was afraid because he thought it belonged to a savage who might kill and eat him.,5,5,Excellent answer! You explained the concept of Robinson Crusoe very clearly.,Conceptual Understanding & Factual Accuracy,"Subject: english
Chapter: Robinson Crusoe
Question: Why was Robinson Crusoe afraid when he saw the footprint?
Expected Answer: He was afraid because he thought it belonged to a savage who might kill and eat him.
Student Answer: He was afraid because he thought it belonged to a savage who might kill and eat him.
Evaluate the student's answer. Return: marks out of 5, feedback, and evaluation_parameter.",5/5 | Parameter: Conceptual Understanding & Factual Accuracy | Feedback: Excellent answer! You explained the concept of Robinson Crusoe very clearly.
english,chapter_3,Robinson Crusoe,Why was Robinson Crusoe afraid when he saw the footprint?,He was afraid because he thought it belonged to a savage who might kill and eat him.,He was afraid because he thought it belonged.,3,5,"Good attempt. You mentioned some correct points, but please add more details for a complete explanation.",Incomplete Explanation,"Subject: english
Chapter: Robinson Crusoe
Question: Why was Robinson Crusoe afraid when he saw the footprint?
Expected Answer: He was afraid because he thought it belonged to a savage who might kill and eat him.
Student Answer: He was afraid because he thought it belonged.
Evaluate the student's answer. Return: marks out of 5, feedback, and evaluation_parameter.","3/5 | Parameter: Incomplete Explanation | Feedback: Good attempt. You mentioned some correct points, but please add more details for a complete explanation."
english,chapter_3,Robinson Crusoe,Why was Robinson Crusoe afraid when he saw the footprint?,He was afraid because he thought it belonged to a savage who might kill and eat him.,I don't know the answer to this question.,0,5,This answer needs more effort and a clearer understanding of the topic.,Missing Knowledge,"Subject: english
Chapter: Robinson Crusoe
Question: Why was Robinson Crusoe afraid when he saw the footprint?
Expected Answer: He was afraid because he thought it belonged to a savage who might kill and eat him.
Student Answer: I don't know the answer to this question.
Evaluate the student's answer. Return: marks out of 5, feedback, and evaluation_parameter.",0/5 | Parameter: Missing Knowledge | Feedback: This answer needs more effort and a clearer understanding of the topic.
english,chapter_3,Robinson Crusoe,Where did Robinson Crusoe find the footprint?,He found the footprint on the sand of the seashore.,He found the footprint on the sand of the seashore.,5,5,Excellent answer! You explained the concept of Robinson Crusoe very clearly.,Conceptual Understanding & Factual Accuracy,"Subject: english
Chapter: Robinson Crusoe
Question: Where did Robinson Crusoe find the footprint?
Expected Answer: He found the footprint on the sand of the seashore.
Student Answer: He found the footprint on the sand of the seashore.
Evaluate the student's answer. Return: marks out of 5, feedback, and evaluation_parameter.",5/5 | Parameter: Conceptual Understanding & Factual Accuracy | Feedback: Excellent answer! You explained the concept of Robinson Crusoe very clearly.
english,chapter_3,Robinson Crusoe,Where did Robinson Crusoe find the footprint?,He found the footprint on the sand of the seashore.,He found the footprint on.,3,5,"Good attempt. You mentioned some correct points, but please add more details for a complete explanation.",Incomplete Explanation,"Subject: english
Chapter: Robinson Crusoe
Question: Where did Robinson Crusoe find the footprint?
Expected Answer: He found the footprint on the sand of the seashore.
Student Answer: He found the footprint on.
Evaluate the student's answer. Return: marks out of 5, feedback, and evaluation_parameter.","3/5 | Parameter: Incomplete Explanation | Feedback: Good attempt. You mentioned some correct points, but please add more details for a complete explanation."
english,chapter_3,Robinson Crusoe,Where did Robinson Crusoe find the footprint?,He found the footprint on the sand of the seashore.,I don't know the answer to this question.,0,5,This answer needs more effort and a clearer understanding of the topic.,Missing Knowledge,"Subject: english
Chapter: Robinson Crusoe
Question: Where did Robinson Crusoe find the footprint?
Expected Answer: He found the footprint on the sand of the seashore.
Student Answer: I don't know the answer to this question.
Evaluate the student's answer. Return: marks out of 5, feedback, and evaluation_parameter.",0/5 | Parameter: Missing Knowledge | Feedback: This answer needs more effort and a clearer understanding of the topic.
english,chapter_3,Robinson Crusoe,How did Robinson Crusoe confirm it was a human footprint?,"He examined it closely and saw that it had toes, a heel, and every part of a human foot.","He examined it closely and saw that it had toes, a heel, and every part of a human foot.",5,5,Excellent answer! You explained the concept of Robinson Crusoe very clearly.,Conceptual Understanding & Factual Accuracy,"Subject: english
Chapter: Robinson Crusoe
Question: How did Robinson Crusoe confirm it was a human footprint?
Expected Answer: He examined it closely and saw that it had toes, a heel, and every part of a human foot.
Student Answer: He examined it closely and saw that it had toes, a heel, and every part of a human foot.
Evaluate the student's answer. Return: marks out of 5, feedback, and evaluation_parameter.",5/5 | Parameter: Conceptual Understanding & Factual Accuracy | Feedback: Excellent answer! You explained the concept of Robinson Crusoe very clearly.
english,chapter_3,Robinson Crusoe,How did Robinson Crusoe confirm it was a human footprint?,"He examined it closely and saw that it had toes, a heel, and every part of a human foot.",He examined it closely and saw that it had.,3,5,"Good attempt. You mentioned some correct points, but please add more details for a complete explanation.",Incomplete Explanation,"Subject: english
Chapter: Robinson Crusoe
Question: How did Robinson Crusoe confirm it was a human footprint?
Expected Answer: He examined it closely and saw that it had toes, a heel, and every part of a human foot.
Student Answer: He examined it closely and saw that it had.
Evaluate the student's answer. Return: marks out of 5, feedback, and evaluation_parameter.","3/5 | Parameter: Incomplete Explanation | Feedback: Good attempt. You mentioned some correct points, but please add more details for a complete explanation."
english,chapter_3,Robinson Crusoe,How did Robinson Crusoe confirm it was a human footprint?,"He examined it closely and saw that it had toes, a heel, and every part of a human foot.",I don't know the answer to this question.,0,5,This answer needs more effort and a clearer understanding of the topic.,Missing Knowledge,"Subject: english
Chapter: Robinson Crusoe
Question: How did Robinson Crusoe confirm it was a human footprint?
Expected Answer: He examined it closely and saw that it had toes, a heel, and every part of a human foot.
Student Answer: I don't know the answer to this question.
Evaluate the student's answer. Return: marks out of 5, feedback, and evaluation_parameter.",0/5 | Parameter: Missing Knowledge | Feedback: This answer needs more effort and a clearer understanding of the topic.
english,chapter_3,Robinson Crusoe,Where did Robinson Crusoe live on the island?,"He lived in a cave which he called his castle, surrounded by a strong fence.","He lived in a cave which he called his castle, surrounded by a strong fence.",5,5,Excellent answer! You explained the concept of Robinson Crusoe very clearly.,Conceptual Understanding & Factual Accuracy,"Subject: english
Chapter: Robinson Crusoe
Question: Where did Robinson Crusoe live on the island?
Expected Answer: He lived in a cave which he called his castle, surrounded by a strong fence.
Student Answer: He lived in a cave which he called his castle, surrounded by a strong fence.
Evaluate the student's answer. Return: marks out of 5, feedback, and evaluation_parameter.",5/5 | Parameter: Conceptual Understanding & Factual Accuracy | Feedback: Excellent answer! You explained the concept of Robinson Crusoe very clearly.
english,chapter_3,Robinson Crusoe,Where did Robinson Crusoe live on the island?,"He lived in a cave which he called his castle, surrounded by a strong fence.",He lived in a cave which he.,3,5,"Good attempt. You mentioned some correct points, but please add more details for a complete explanation.",Incomplete Explanation,"Subject: english
Chapter: Robinson Crusoe
Question: Where did Robinson Crusoe live on the island?
Expected Answer: He lived in a cave which he called his castle, surrounded by a strong fence.
Student Answer: He lived in a cave which he.
Evaluate the student's answer. Return: marks out of 5, feedback, and evaluation_parameter.","3/5 | Parameter: Incomplete Explanation | Feedback: Good attempt. You mentioned some correct points, but please add more details for a complete explanation."
english,chapter_3,Robinson Crusoe,Where did Robinson Crusoe live on the island?,"He lived in a cave which he called his castle, surrounded by a strong fence.",I don't know the answer to this question.,0,5,This answer needs more effort and a clearer understanding of the topic.,Missing Knowledge,"Subject: english
Chapter: Robinson Crusoe
Question: Where did Robinson Crusoe live on the island?
Expected Answer: He lived in a cave which he called his castle, surrounded by a strong fence.
Student Answer: I don't know the answer to this question.
Evaluate the student's answer. Return: marks out of 5, feedback, and evaluation_parameter.",0/5 | Parameter: Missing Knowledge | Feedback: This answer needs more effort and a clearer understanding of the topic.
english,chapter_3,Robinson Crusoe,What did Robinson Crusoe do to protect himself after seeing the footprint?,"He ran back to his cave, locked himself inside, and prayed to God for protection.","He ran back to his cave, locked himself inside, and prayed to God for protection.",5,5,Excellent answer! You explained the concept of Robinson Crusoe very clearly.,Conceptual Understanding & Factual Accuracy,"Subject: english
Chapter: Robinson Crusoe
Question: What did Robinson Crusoe do to protect himself after seeing the footprint?
Expected Answer: He ran back to his cave, locked himself inside, and prayed to God for protection.
Student Answer: He ran back to his cave, locked himself inside, and prayed to God for protection.
Evaluate the student's answer. Return: marks out of 5, feedback, and evaluation_parameter.",5/5 | Parameter: Conceptual Understanding & Factual Accuracy | Feedback: Excellent answer! You explained the concept of Robinson Crusoe very clearly.
english,chapter_3,Robinson Crusoe,What did Robinson Crusoe do to protect himself after seeing the footprint?,"He ran back to his cave, locked himself inside, and prayed to God for protection.","He ran back to his cave, locked.",3,5,"Good attempt. You mentioned some correct points, but please add more details for a complete explanation.",Incomplete Explanation,"Subject: english
Chapter: Robinson Crusoe
Question: What did Robinson Crusoe do to protect himself after seeing the footprint?
Expected Answer: He ran back to his cave, locked himself inside, and prayed to God for protection.
Student Answer: He ran back to his cave, locked.
Evaluate the student's answer. Return: marks out of 5, feedback, and evaluation_parameter.","3/5 | Parameter: Incomplete Explanation | Feedback: Good attempt. You mentioned some correct points, but please add more details for a complete explanation."
english,chapter_3,Robinson Crusoe,What did Robinson Crusoe do to protect himself after seeing the footprint?,"He ran back to his cave, locked himself inside, and prayed to God for protection.",I don't know the answer to this question.,0,5,This answer needs more effort and a clearer understanding of the topic.,Missing Knowledge,"Subject: english
Chapter: Robinson Crusoe
Question: What did Robinson Crusoe do to protect himself after seeing the footprint?
Expected Answer: He ran back to his cave, locked himself inside, and prayed to God for protection.
Student Answer: I don't know the answer to this question.
Evaluate the student's answer. Return: marks out of 5, feedback, and evaluation_parameter.",0/5 | Parameter: Missing Knowledge | Feedback: This answer needs more effort and a clearer understanding of the topic.
english,chapter_3,Robinson Crusoe,What feeling did Crusoe experience when he stayed in his cave for days?,"He felt a mix of intense fear, curiosity, and loneliness, keeping him awake at night.","He felt a mix of intense fear, curiosity, and loneliness, keeping him awake at night.",5,5,Excellent answer! You explained the concept of Robinson Crusoe very clearly.,Conceptual Understanding & Factual Accuracy,"Subject: english
Chapter: Robinson Crusoe
Question: What feeling did Crusoe experience when he stayed in his cave for days?
Expected Answer: He felt a mix of intense fear, curiosity, and loneliness, keeping him awake at night.
Student Answer: He felt a mix of intense fear, curiosity, and loneliness, keeping him awake at night.
Evaluate the student's answer. Return: marks out of 5, feedback, and evaluation_parameter.",5/5 | Parameter: Conceptual Understanding & Factual Accuracy | Feedback: Excellent answer! You explained the concept of Robinson Crusoe very clearly.
english,chapter_3,Robinson Crusoe,What feeling did Crusoe experience when he stayed in his cave for days?,"He felt a mix of intense fear, curiosity, and loneliness, keeping him awake at night.","He felt a mix of intense fear,.",3,5,"Good attempt. You mentioned some correct points, but please add more details for a complete explanation.",Incomplete Explanation,"Subject: english
Chapter: Robinson Crusoe
Question: What feeling did Crusoe experience when he stayed in his cave for days?
Expected Answer: He felt a mix of intense fear, curiosity, and loneliness, keeping him awake at night.
Student Answer: He felt a mix of intense fear,.
Evaluate the student's answer. Return: marks out of 5, feedback, and evaluation_parameter.","3/5 | Parameter: Incomplete Explanation | Feedback: Good attempt. You mentioned some correct points, but please add more details for a complete explanation."
english,chapter_3,Robinson Crusoe,What feeling did Crusoe experience when he stayed in his cave for days?,"He felt a mix of intense fear, curiosity, and loneliness, keeping him awake at night.",I don't know the answer to this question.,0,5,This answer needs more effort and a clearer understanding of the topic.,Missing Knowledge,"Subject: english
Chapter: Robinson Crusoe
Question: What feeling did Crusoe experience when he stayed in his cave for days?
Expected Answer: He felt a mix of intense fear, curiosity, and loneliness, keeping him awake at night.
Student Answer: I don't know the answer to this question.
Evaluate the student's answer. Return: marks out of 5, feedback, and evaluation_parameter.",0/5 | Parameter: Missing Knowledge | Feedback: This answer needs more effort and a clearer understanding of the topic.
english,chapter_4,Crying,"According to the poet, how much should you cry?","You should cry until your pillow is completely soaked with tears, so you can wash your sorrow away.","You should cry until your pillow is completely soaked with tears, so you can wash your sorrow away.",5,5,Excellent answer! You explained the concept of Crying very clearly.,Conceptual Understanding & Factual Accuracy,"Subject: english
Chapter: Crying
Question: According to the poet, how much should you cry?
Expected Answer: You should cry until your pillow is completely soaked with tears, so you can wash your sorrow away.
Student Answer: You should cry until your pillow is completely soaked with tears, so you can wash your sorrow away.
Evaluate the student's answer. Return: marks out of 5, feedback, and evaluation_parameter.",5/5 | Parameter: Conceptual Understanding & Factual Accuracy | Feedback: Excellent answer! You explained the concept of Crying very clearly.
english,chapter_4,Crying,"According to the poet, how much should you cry?","You should cry until your pillow is completely soaked with tears, so you can wash your sorrow away.",You should cry until your pillow is completely soaked.,3,5,"Good attempt. You mentioned some correct points, but please add more details for a complete explanation.",Incomplete Explanation,"Subject: english
Chapter: Crying
Question: According to the poet, how much should you cry?
Expected Answer: You should cry until your pillow is completely soaked with tears, so you can wash your sorrow away.
Student Answer: You should cry until your pillow is completely soaked.
Evaluate the student's answer. Return: marks out of 5, feedback, and evaluation_parameter.","3/5 | Parameter: Incomplete Explanation | Feedback: Good attempt. You mentioned some correct points, but please add more details for a complete explanation."
english,chapter_4,Crying,"According to the poet, how much should you cry?","You should cry until your pillow is completely soaked with tears, so you can wash your sorrow away.",I don't know the answer to this question.,0,5,This answer needs more effort and a clearer understanding of the topic.,Missing Knowledge,"Subject: english
Chapter: Crying
Question: According to the poet, how much should you cry?
Expected Answer: You should cry until your pillow is completely soaked with tears, so you can wash your sorrow away.
Student Answer: I don't know the answer to this question.
Evaluate the student's answer. Return: marks out of 5, feedback, and evaluation_parameter.",0/5 | Parameter: Missing Knowledge | Feedback: This answer needs more effort and a clearer understanding of the topic.
english,chapter_4,Crying,What can you do after crying a lot?,"After crying a lot, you can jump in the shower and splash water to feel happy and refreshed.","After crying a lot, you can jump in the shower and splash water to feel happy and refreshed.",5,5,Excellent answer! You explained the concept of Crying very clearly.,Conceptual Understanding & Factual Accuracy,"Subject: english
Chapter: Crying
Question: What can you do after crying a lot?
Expected Answer: After crying a lot, you can jump in the shower and splash water to feel happy and refreshed.
Student Answer: After crying a lot, you can jump in the shower and splash water to feel happy and refreshed.
Evaluate the student's answer. Return: marks out of 5, feedback, and evaluation_parameter.",5/5 | Parameter: Conceptual Understanding & Factual Accuracy | Feedback: Excellent answer! You explained the concept of Crying very clearly.
english,chapter_4,Crying,What can you do after crying a lot?,"After crying a lot, you can jump in the shower and splash water to feel happy and refreshed.","After crying a lot, you can jump in the.",3,5,"Good attempt. You mentioned some correct points, but please add more details for a complete explanation.",Incomplete Explanation,"Subject: english
Chapter: Crying
Question: What can you do after crying a lot?
Expected Answer: After crying a lot, you can jump in the shower and splash water to feel happy and refreshed.
Student Answer: After crying a lot, you can jump in the.
Evaluate the student's answer. Return: marks out of 5, feedback, and evaluation_parameter.","3/5 | Parameter: Incomplete Explanation | Feedback: Good attempt. You mentioned some correct points, but please add more details for a complete explanation."
english,chapter_4,Crying,What can you do after crying a lot?,"After crying a lot, you can jump in the shower and splash water to feel happy and refreshed.",I don't know the answer to this question.,0,5,This answer needs more effort and a clearer understanding of the topic.,Missing Knowledge,"Subject: english
Chapter: Crying
Question: What can you do after crying a lot?
Expected Answer: After crying a lot, you can jump in the shower and splash water to feel happy and refreshed.
Student Answer: I don't know the answer to this question.
Evaluate the student's answer. Return: marks out of 5, feedback, and evaluation_parameter.",0/5 | Parameter: Missing Knowledge | Feedback: This answer needs more effort and a clearer understanding of the topic.
english,chapter_4,Crying,What will people ask when they see you happy after crying?,"People will ask what is going on up there, and you can tell them that happiness was hiding in the last tear.","People will ask what is going on up there, and you can tell them that happiness was hiding in the last tear.",5,5,Excellent answer! You explained the concept of Crying very clearly.,Conceptual Understanding & Factual Accuracy,"Subject: english
Chapter: Crying
Question: What will people ask when they see you happy after crying?
Expected Answer: People will ask what is going on up there, and you can tell them that happiness was hiding in the last tear.
Student Answer: People will ask what is going on up there, and you can tell them that happiness was hiding in the last tear.
Evaluate the student's answer. Return: marks out of 5, feedback, and evaluation_parameter.",5/5 | Parameter: Conceptual Understanding & Factual Accuracy | Feedback: Excellent answer! You explained the concept of Crying very clearly.
english,chapter_4,Crying,What will people ask when they see you happy after crying?,"People will ask what is going on up there, and you can tell them that happiness was hiding in the last tear.","People will ask what is going on up there, and you.",3,5,"Good attempt. You mentioned some correct points, but please add more details for a complete explanation.",Incomplete Explanation,"Subject: english
Chapter: Crying
Question: What will people ask when they see you happy after crying?
Expected Answer: People will ask what is going on up there, and you can tell them that happiness was hiding in the last tear.
Student Answer: People will ask what is going on up there, and you.
Evaluate the student's answer. Return: marks out of 5, feedback, and evaluation_parameter.","3/5 | Parameter: Incomplete Explanation | Feedback: Good attempt. You mentioned some correct points, but please add more details for a complete explanation."
english,chapter_4,Crying,What will people ask when they see you happy after crying?,"People will ask what is going on up there, and you can tell them that happiness was hiding in the last tear.",I don't know the answer to this question.,0,5,This answer needs more effort and a clearer understanding of the topic.,Missing Knowledge,"Subject: english
Chapter: Crying
Question: What will people ask when they see you happy after crying?
Expected Answer: People will ask what is going on up there, and you can tell them that happiness was hiding in the last tear.
Student Answer: I don't know the answer to this question.
Evaluate the student's answer. Return: marks out of 5, feedback, and evaluation_parameter.",0/5 | Parameter: Missing Knowledge | Feedback: This answer needs more effort and a clearer understanding of the topic.
english,chapter_4,Crying,What does the poet mean by saying 'crying only a little bit is no use'?,It means half-hearted crying doesn't relieve your mind; you must let your emotions flow completely.,It means half-hearted crying doesn't relieve your mind; you must let your emotions flow completely.,5,5,Excellent answer! You explained the concept of Crying very clearly.,Conceptual Understanding & Factual Accuracy,"Subject: english
Chapter: Crying
Question: What does the poet mean by saying 'crying only a little bit is no use'?
Expected Answer: It means half-hearted crying doesn't relieve your mind; you must let your emotions flow completely.
Student Answer: It means half-hearted crying doesn't relieve your mind; you must let your emotions flow completely.
Evaluate the student's answer. Return: marks out of 5, feedback, and evaluation_parameter.",5/5 | Parameter: Conceptual Understanding & Factual Accuracy | Feedback: Excellent answer! You explained the concept of Crying very clearly.
english,chapter_4,Crying,What does the poet mean by saying 'crying only a little bit is no use'?,It means half-hearted crying doesn't relieve your mind; you must let your emotions flow completely.,It means half-hearted crying doesn't relieve your.,3,5,"Good attempt. You mentioned some correct points, but please add more details for a complete explanation.",Incomplete Explanation,"Subject: english
Chapter: Crying
Question: What does the poet mean by saying 'crying only a little bit is no use'?
Expected Answer: It means half-hearted crying doesn't relieve your mind; you must let your emotions flow completely.
Student Answer: It means half-hearted crying doesn't relieve your.
Evaluate the student's answer. Return: marks out of 5, feedback, and evaluation_parameter.","3/5 | Parameter: Incomplete Explanation | Feedback: Good attempt. You mentioned some correct points, but please add more details for a complete explanation."
english,chapter_4,Crying,What does the poet mean by saying 'crying only a little bit is no use'?,It means half-hearted crying doesn't relieve your mind; you must let your emotions flow completely.,I don't know the answer to this question.,0,5,This answer needs more effort and a clearer understanding of the topic.,Missing Knowledge,"Subject: english
Chapter: Crying
Question: What does the poet mean by saying 'crying only a little bit is no use'?
Expected Answer: It means half-hearted crying doesn't relieve your mind; you must let your emotions flow completely.
Student Answer: I don't know the answer to this question.
Evaluate the student's answer. Return: marks out of 5, feedback, and evaluation_parameter.",0/5 | Parameter: Missing Knowledge | Feedback: This answer needs more effort and a clearer understanding of the topic.
english,chapter_4,Crying,Why does the poet suggest taking a bath after crying?,To wash away the sadness and feel physically and mentally refreshed and clean.,To wash away the sadness and feel physically and mentally refreshed and clean.,5,5,Excellent answer! You explained the concept of Crying very clearly.,Conceptual Understanding & Factual Accuracy,"Subject: english
Chapter: Crying
Question: Why does the poet suggest taking a bath after crying?
Expected Answer: To wash away the sadness and feel physically and mentally refreshed and clean.
Student Answer: To wash away the sadness and feel physically and mentally refreshed and clean.
Evaluate the student's answer. Return: marks out of 5, feedback, and evaluation_parameter.",5/5 | Parameter: Conceptual Understanding & Factual Accuracy | Feedback: Excellent answer! You explained the concept of Crying very clearly.
english,chapter_4,Crying,Why does the poet suggest taking a bath after crying?,To wash away the sadness and feel physically and mentally refreshed and clean.,To wash away the sadness and.,3,5,"Good attempt. You mentioned some correct points, but please add more details for a complete explanation.",Incomplete Explanation,"Subject: english
Chapter: Crying
Question: Why does the poet suggest taking a bath after crying?
Expected Answer: To wash away the sadness and feel physically and mentally refreshed and clean.
Student Answer: To wash away the sadness and.
Evaluate the student's answer. Return: marks out of 5, feedback, and evaluation_parameter.","3/5 | Parameter: Incomplete Explanation | Feedback: Good attempt. You mentioned some correct points, but please add more details for a complete explanation."
english,chapter_4,Crying,Why does the poet suggest taking a bath after crying?,To wash away the sadness and feel physically and mentally refreshed and clean.,I don't know the answer to this question.,0,5,This answer needs more effort and a clearer understanding of the topic.,Missing Knowledge,"Subject: english
Chapter: Crying
Question: Why does the poet suggest taking a bath after crying?
Expected Answer: To wash away the sadness and feel physically and mentally refreshed and clean.
Student Answer: I don't know the answer to this question.
Evaluate the student's answer. Return: marks out of 5, feedback, and evaluation_parameter.",0/5 | Parameter: Missing Knowledge | Feedback: This answer needs more effort and a clearer understanding of the topic.
english,chapter_5,My Shadow,Who does the shadow go in and out with?,The shadow goes in and out with the child.,The shadow goes in and out with the child.,5,5,Excellent answer! You explained the concept of My Shadow very clearly.,Conceptual Understanding & Factual Accuracy,"Subject: english
Chapter: My Shadow
Question: Who does the shadow go in and out with?
Expected Answer: The shadow goes in and out with the child.
Student Answer: The shadow goes in and out with the child.
Evaluate the student's answer. Return: marks out of 5, feedback, and evaluation_parameter.",5/5 | Parameter: Conceptual Understanding & Factual Accuracy | Feedback: Excellent answer! You explained the concept of My Shadow very clearly.
english,chapter_5,My Shadow,Who does the shadow go in and out with?,The shadow goes in and out with the child.,The shadow goes in.,3,5,"Good attempt. You mentioned some correct points, but please add more details for a complete explanation.",Incomplete Explanation,"Subject: english
Chapter: My Shadow
Question: Who does the shadow go in and out with?
Expected Answer: The shadow goes in and out with the child.
Student Answer: The shadow goes in.
Evaluate the student's answer. Return: marks out of 5, feedback, and evaluation_parameter.","3/5 | Parameter: Incomplete Explanation | Feedback: Good attempt. You mentioned some correct points, but please add more details for a complete explanation."
english,chapter_5,My Shadow,Who does the shadow go in and out with?,The shadow goes in and out with the child.,I don't know the answer to this question.,0,5,This answer needs more effort and a clearer understanding of the topic.,Missing Knowledge,"Subject: english
Chapter: My Shadow
Question: Who does the shadow go in and out with?
Expected Answer: The shadow goes in and out with the child.
Student Answer: I don't know the answer to this question.
Evaluate the student's answer. Return: marks out of 5, feedback, and evaluation_parameter.",0/5 | Parameter: Missing Knowledge | Feedback: This answer needs more effort and a clearer understanding of the topic.
english,chapter_5,My Shadow,What is the funniest thing about the shadow?,"The funniest thing is the way it likes to grow, sometimes very tall and sometimes very small.","The funniest thing is the way it likes to grow, sometimes very tall and sometimes very small.",5,5,Excellent answer! You explained the concept of My Shadow very clearly.,Conceptual Understanding & Factual Accuracy,"Subject: english
Chapter: My Shadow
Question: What is the funniest thing about the shadow?
Expected Answer: The funniest thing is the way it likes to grow, sometimes very tall and sometimes very small.
Student Answer: The funniest thing is the way it likes to grow, sometimes very tall and sometimes very small.
Evaluate the student's answer. Return: marks out of 5, feedback, and evaluation_parameter.",5/5 | Parameter: Conceptual Understanding & Factual Accuracy | Feedback: Excellent answer! You explained the concept of My Shadow very clearly.
english,chapter_5,My Shadow,What is the funniest thing about the shadow?,"The funniest thing is the way it likes to grow, sometimes very tall and sometimes very small.",The funniest thing is the way it likes.,3,5,"Good attempt. You mentioned some correct points, but please add more details for a complete explanation.",Incomplete Explanation,"Subject: english
Chapter: My Shadow
Question: What is the funniest thing about the shadow?
Expected Answer: The funniest thing is the way it likes to grow, sometimes very tall and sometimes very small.
Student Answer: The funniest thing is the way it likes.
Evaluate the student's answer. Return: marks out of 5, feedback, and evaluation_parameter.","3/5 | Parameter: Incomplete Explanation | Feedback: Good attempt. You mentioned some correct points, but please add more details for a complete explanation."
english,chapter_5,My Shadow,What is the funniest thing about the shadow?,"The funniest thing is the way it likes to grow, sometimes very tall and sometimes very small.",I don't know the answer to this question.,0,5,This answer needs more effort and a clearer understanding of the topic.,Missing Knowledge,"Subject: english
Chapter: My Shadow
Question: What is the funniest thing about the shadow?
Expected Answer: The funniest thing is the way it likes to grow, sometimes very tall and sometimes very small.
Student Answer: I don't know the answer to this question.
Evaluate the student's answer. Return: marks out of 5, feedback, and evaluation_parameter.",0/5 | Parameter: Missing Knowledge | Feedback: This answer needs more effort and a clearer understanding of the topic.
english,chapter_5,My Shadow,What does the shadow look like?,The shadow looks exactly like the child from the heels up to the head.,The shadow looks exactly like the child from the heels up to the head.,5,5,Excellent answer! You explained the concept of My Shadow very clearly.,Conceptual Understanding & Factual Accuracy,"Subject: english
Chapter: My Shadow
Question: What does the shadow look like?
Expected Answer: The shadow looks exactly like the child from the heels up to the head.
Student Answer: The shadow looks exactly like the child from the heels up to the head.
Evaluate the student's answer. Return: marks out of 5, feedback, and evaluation_parameter.",5/5 | Parameter: Conceptual Understanding & Factual Accuracy | Feedback: Excellent answer! You explained the concept of My Shadow very clearly.
english,chapter_5,My Shadow,What does the shadow look like?,The shadow looks exactly like the child from the heels up to the head.,The shadow looks exactly like the child.,3,5,"Good attempt. You mentioned some correct points, but please add more details for a complete explanation.",Incomplete Explanation,"Subject: english
Chapter: My Shadow
Question: What does the shadow look like?
Expected Answer: The shadow looks exactly like the child from the heels up to the head.
Student Answer: The shadow looks exactly like the child.
Evaluate the student's answer. Return: marks out of 5, feedback, and evaluation_parameter.","3/5 | Parameter: Incomplete Explanation | Feedback: Good attempt. You mentioned some correct points, but please add more details for a complete explanation."
english,chapter_5,My Shadow,What does the shadow look like?,The shadow looks exactly like the child from the heels up to the head.,I don't know the answer to this question.,0,5,This answer needs more effort and a clearer understanding of the topic.,Missing Knowledge,"Subject: english
Chapter: My Shadow
Question: What does the shadow look like?
Expected Answer: The shadow looks exactly like the child from the heels up to the head.
Student Answer: I don't know the answer to this question.
Evaluate the student's answer. Return: marks out of 5, feedback, and evaluation_parameter.",0/5 | Parameter: Missing Knowledge | Feedback: This answer needs more effort and a clearer understanding of the topic.
english,chapter_5,My Shadow,What is the relation between light and the shadow?,"The shadow needs light to exist; without light, it disappears or stays asleep.","The shadow needs light to exist; without light, it disappears or stays asleep.",5,5,Excellent answer! You explained the concept of My Shadow very clearly.,Conceptual Understanding & Factual Accuracy,"Subject: english
Chapter: My Shadow
Question: What is the relation between light and the shadow?
Expected Answer: The shadow needs light to exist; without light, it disappears or stays asleep.
Student Answer: The shadow needs light to exist; without light, it disappears or stays asleep.
Evaluate the student's answer. Return: marks out of 5, feedback, and evaluation_parameter.",5/5 | Parameter: Conceptual Understanding & Factual Accuracy | Feedback: Excellent answer! You explained the concept of My Shadow very clearly.
english,chapter_5,My Shadow,What is the relation between light and the shadow?,"The shadow needs light to exist; without light, it disappears or stays asleep.",The shadow needs light to exist;.,3,5,"Good attempt. You mentioned some correct points, but please add more details for a complete explanation.",Incomplete Explanation,"Subject: english
Chapter: My Shadow
Question: What is the relation between light and the shadow?
Expected Answer: The shadow needs light to exist; without light, it disappears or stays asleep.
Student Answer: The shadow needs light to exist;.
Evaluate the student's answer. Return: marks out of 5, feedback, and evaluation_parameter.","3/5 | Parameter: Incomplete Explanation | Feedback: Good attempt. You mentioned some correct points, but please add more details for a complete explanation."
english,chapter_5,My Shadow,What is the relation between light and the shadow?,"The shadow needs light to exist; without light, it disappears or stays asleep.",I don't know the answer to this question.,0,5,This answer needs more effort and a clearer understanding of the topic.,Missing Knowledge,"Subject: english
Chapter: My Shadow
Question: What is the relation between light and the shadow?
Expected Answer: The shadow needs light to exist; without light, it disappears or stays asleep.
Student Answer: I don't know the answer to this question.
Evaluate the student's answer. Return: marks out of 5, feedback, and evaluation_parameter.",0/5 | Parameter: Missing Knowledge | Feedback: This answer needs more effort and a clearer understanding of the topic.
english,chapter_6,Class Discussion,Who was the quiet one in the class discussion?,Jane was the quiet student who sat and stared in silence during the class discussion.,Jane was the quiet student who sat and stared in silence during the class discussion.,5,5,Excellent answer! You explained the concept of Class Discussion very clearly.,Conceptual Understanding & Factual Accuracy,"Subject: english
Chapter: Class Discussion
Question: Who was the quiet one in the class discussion?
Expected Answer: Jane was the quiet student who sat and stared in silence during the class discussion.
Student Answer: Jane was the quiet student who sat and stared in silence during the class discussion.
Evaluate the student's answer. Return: marks out of 5, feedback, and evaluation_parameter.",5/5 | Parameter: Conceptual Understanding & Factual Accuracy | Feedback: Excellent answer! You explained the concept of Class Discussion very clearly.
english,chapter_6,Class Discussion,Who was the quiet one in the class discussion?,Jane was the quiet student who sat and stared in silence during the class discussion.,Jane was the quiet student who sat.,3,5,"Good attempt. You mentioned some correct points, but please add more details for a complete explanation.",Incomplete Explanation,"Subject: english
Chapter: Class Discussion
Question: Who was the quiet one in the class discussion?
Expected Answer: Jane was the quiet student who sat and stared in silence during the class discussion.
Student Answer: Jane was the quiet student who sat.
Evaluate the student's answer. Return: marks out of 5, feedback, and evaluation_parameter.","3/5 | Parameter: Incomplete Explanation | Feedback: Good attempt. You mentioned some correct points, but please add more details for a complete explanation."
english,chapter_6,Class Discussion,Who was the quiet one in the class discussion?,Jane was the quiet student who sat and stared in silence during the class discussion.,I don't know the answer to this question.,0,5,This answer needs more effort and a clearer understanding of the topic.,Missing Knowledge,"Subject: english
Chapter: Class Discussion
Question: Who was the quiet one in the class discussion?
Expected Answer: Jane was the quiet student who sat and stared in silence during the class discussion.
Student Answer: I don't know the answer to this question.
Evaluate the student's answer. Return: marks out of 5, feedback, and evaluation_parameter.",0/5 | Parameter: Missing Knowledge | Feedback: This answer needs more effort and a clearer understanding of the topic.
english,chapter_6,Class Discussion,What did the teacher ask Jane in the discussion?,The teacher asked Jane why she was so quiet and why she did not participate in the talk.,The teacher asked Jane why she was so quiet and why she did not participate in the talk.,5,5,Excellent answer! You explained the concept of Class Discussion very clearly.,Conceptual Understanding & Factual Accuracy,"Subject: english
Chapter: Class Discussion
Question: What did the teacher ask Jane in the discussion?
Expected Answer: The teacher asked Jane why she was so quiet and why she did not participate in the talk.
Student Answer: The teacher asked Jane why she was so quiet and why she did not participate in the talk.
Evaluate the student's answer. Return: marks out of 5, feedback, and evaluation_parameter.",5/5 | Parameter: Conceptual Understanding & Factual Accuracy | Feedback: Excellent answer! You explained the concept of Class Discussion very clearly.
english,chapter_6,Class Discussion,What did the teacher ask Jane in the discussion?,The teacher asked Jane why she was so quiet and why she did not participate in the talk.,The teacher asked Jane why she was so quiet.,3,5,"Good attempt. You mentioned some correct points, but please add more details for a complete explanation.",Incomplete Explanation,"Subject: english
Chapter: Class Discussion
Question: What did the teacher ask Jane in the discussion?
Expected Answer: The teacher asked Jane why she was so quiet and why she did not participate in the talk.
Student Answer: The teacher asked Jane why she was so quiet.
Evaluate the student's answer. Return: marks out of 5, feedback, and evaluation_parameter.","3/5 | Parameter: Incomplete Explanation | Feedback: Good attempt. You mentioned some correct points, but please add more details for a complete explanation."
english,chapter_6,Class Discussion,What did the teacher ask Jane in the discussion?,The teacher asked Jane why she was so quiet and why she did not participate in the talk.,I don't know the answer to this question.,0,5,This answer needs more effort and a clearer understanding of the topic.,Missing Knowledge,"Subject: english
Chapter: Class Discussion
Question: What did the teacher ask Jane in the discussion?
Expected Answer: The teacher asked Jane why she was so quiet and why she did not participate in the talk.
Student Answer: I don't know the answer to this question.
Evaluate the student's answer. Return: marks out of 5, feedback, and evaluation_parameter.",0/5 | Parameter: Missing Knowledge | Feedback: This answer needs more effort and a clearer understanding of the topic.
english,chapter_6,Class Discussion,Who conducted the class discussion?,The teacher conducted the class discussion.,The teacher conducted the class discussion.,5,5,Excellent answer! You explained the concept of Class Discussion very clearly.,Conceptual Understanding & Factual Accuracy,"Subject: english
Chapter: Class Discussion
Question: Who conducted the class discussion?
Expected Answer: The teacher conducted the class discussion.
Student Answer: The teacher conducted the class discussion.
Evaluate the student's answer. Return: marks out of 5, feedback, and evaluation_parameter.",5/5 | Parameter: Conceptual Understanding & Factual Accuracy | Feedback: Excellent answer! You explained the concept of Class Discussion very clearly.
english,chapter_6,Class Discussion,Who conducted the class discussion?,The teacher conducted the class discussion.,The teacher conducted.,3,5,"Good attempt. You mentioned some correct points, but please add more details for a complete explanation.",Incomplete Explanation,"Subject: english
Chapter: Class Discussion
Question: Who conducted the class discussion?
Expected Answer: The teacher conducted the class discussion.
Student Answer: The teacher conducted.
Evaluate the student's answer. Return: marks out of 5, feedback, and evaluation_parameter.","3/5 | Parameter: Incomplete Explanation | Feedback: Good attempt. You mentioned some correct points, but please add more details for a complete explanation."
english,chapter_6,Class Discussion,Who conducted the class discussion?,The teacher conducted the class discussion.,I don't know the answer to this question.,0,5,This answer needs more effort and a clearer understanding of the topic.,Missing Knowledge,"Subject: english
Chapter: Class Discussion
Question: Who conducted the class discussion?
Expected Answer: The teacher conducted the class discussion.
Student Answer: I don't know the answer to this question.
Evaluate the student's answer. Return: marks out of 5, feedback, and evaluation_parameter.",0/5 | Parameter: Missing Knowledge | Feedback: This answer needs more effort and a clearer understanding of the topic.
english,chapter_6,Class Discussion,What is the message of the poem 'Class Discussion'?,"The poem teaches us to accept and value all personality types, including quiet and reflective people.","The poem teaches us to accept and value all personality types, including quiet and reflective people.",5,5,Excellent answer! You explained the concept of Class Discussion very clearly.,Conceptual Understanding & Factual Accuracy,"Subject: english
Chapter: Class Discussion
Question: What is the message of the poem 'Class Discussion'?
Expected Answer: The poem teaches us to accept and value all personality types, including quiet and reflective people.
Student Answer: The poem teaches us to accept and value all personality types, including quiet and reflective people.
Evaluate the student's answer. Return: marks out of 5, feedback, and evaluation_parameter.",5/5 | Parameter: Conceptual Understanding & Factual Accuracy | Feedback: Excellent answer! You explained the concept of Class Discussion very clearly.
english,chapter_6,Class Discussion,What is the message of the poem 'Class Discussion'?,"The poem teaches us to accept and value all personality types, including quiet and reflective people.",The poem teaches us to accept and value.,3,5,"Good attempt. You mentioned some correct points, but please add more details for a complete explanation.",Incomplete Explanation,"Subject: english
Chapter: Class Discussion
Question: What is the message of the poem 'Class Discussion'?
Expected Answer: The poem teaches us to accept and value all personality types, including quiet and reflective people.
Student Answer: The poem teaches us to accept and value.
Evaluate the student's answer. Return: marks out of 5, feedback, and evaluation_parameter.","3/5 | Parameter: Incomplete Explanation | Feedback: Good attempt. You mentioned some correct points, but please add more details for a complete explanation."
english,chapter_6,Class Discussion,What is the message of the poem 'Class Discussion'?,"The poem teaches us to accept and value all personality types, including quiet and reflective people.",I don't know the answer to this question.,0,5,This answer needs more effort and a clearer understanding of the topic.,Missing Knowledge,"Subject: english
Chapter: Class Discussion
Question: What is the message of the poem 'Class Discussion'?
Expected Answer: The poem teaches us to accept and value all personality types, including quiet and reflective people.
Student Answer: I don't know the answer to this question.
Evaluate the student's answer. Return: marks out of 5, feedback, and evaluation_parameter.",0/5 | Parameter: Missing Knowledge | Feedback: This answer needs more effort and a clearer understanding of the topic.
english,chapter_7,Topsy-turvy Land,How do people walk in Topsy-turvy Land?,People walk on their heads in Topsy-turvy Land.,People walk on their heads in Topsy-turvy Land.,5,5,Excellent answer! You explained the concept of Topsy-turvy Land very clearly.,Conceptual Understanding & Factual Accuracy,"Subject: english
Chapter: Topsy-turvy Land
Question: How do people walk in Topsy-turvy Land?
Expected Answer: People walk on their heads in Topsy-turvy Land.
Student Answer: People walk on their heads in Topsy-turvy Land.
Evaluate the student's answer. Return: marks out of 5, feedback, and evaluation_parameter.",5/5 | Parameter: Conceptual Understanding & Factual Accuracy | Feedback: Excellent answer! You explained the concept of Topsy-turvy Land very clearly.
english,chapter_7,Topsy-turvy Land,How do people walk in Topsy-turvy Land?,People walk on their heads in Topsy-turvy Land.,People walk on their.,3,5,"Good attempt. You mentioned some correct points, but please add more details for a complete explanation.",Incomplete Explanation,"Subject: english
Chapter: Topsy-turvy Land
Question: How do people walk in Topsy-turvy Land?
Expected Answer: People walk on their heads in Topsy-turvy Land.
Student Answer: People walk on their.
Evaluate the student's answer. Return: marks out of 5, feedback, and evaluation_parameter.","3/5 | Parameter: Incomplete Explanation | Feedback: Good attempt. You mentioned some correct points, but please add more details for a complete explanation."
english,chapter_7,Topsy-turvy Land,How do people walk in Topsy-turvy Land?,People walk on their heads in Topsy-turvy Land.,I don't know the answer to this question.,0,5,This answer needs more effort and a clearer understanding of the topic.,Missing Knowledge,"Subject: english
Chapter: Topsy-turvy Land
Question: How do people walk in Topsy-turvy Land?
Expected Answer: People walk on their heads in Topsy-turvy Land.
Student Answer: I don't know the answer to this question.
Evaluate the student's answer. Return: marks out of 5, feedback, and evaluation_parameter.",0/5 | Parameter: Missing Knowledge | Feedback: This answer needs more effort and a clearer understanding of the topic.
english,chapter_7,Topsy-turvy Land,When do children go to school in Topsy-turvy Land?,Children go to school at night in Topsy-turvy Land.,Children go to school at night in Topsy-turvy Land.,5,5,Excellent answer! You explained the concept of Topsy-turvy Land very clearly.,Conceptual Understanding & Factual Accuracy,"Subject: english
Chapter: Topsy-turvy Land
Question: When do children go to school in Topsy-turvy Land?
Expected Answer: Children go to school at night in Topsy-turvy Land.
Student Answer: Children go to school at night in Topsy-turvy Land.
Evaluate the student's answer. Return: marks out of 5, feedback, and evaluation_parameter.",5/5 | Parameter: Conceptual Understanding & Factual Accuracy | Feedback: Excellent answer! You explained the concept of Topsy-turvy Land very clearly.
english,chapter_7,Topsy-turvy Land,When do children go to school in Topsy-turvy Land?,Children go to school at night in Topsy-turvy Land.,Children go to school.,3,5,"Good attempt. You mentioned some correct points, but please add more details for a complete explanation.",Incomplete Explanation,"Subject: english
Chapter: Topsy-turvy Land
Question: When do children go to school in Topsy-turvy Land?
Expected Answer: Children go to school at night in Topsy-turvy Land.
Student Answer: Children go to school.
Evaluate the student's answer. Return: marks out of 5, feedback, and evaluation_parameter.","3/5 | Parameter: Incomplete Explanation | Feedback: Good attempt. You mentioned some correct points, but please add more details for a complete explanation."
english,chapter_7,Topsy-turvy Land,When do children go to school in Topsy-turvy Land?,Children go to school at night in Topsy-turvy Land.,I don't know the answer to this question.,0,5,This answer needs more effort and a clearer understanding of the topic.,Missing Knowledge,"Subject: english
Chapter: Topsy-turvy Land
Question: When do children go to school in Topsy-turvy Land?
Expected Answer: Children go to school at night in Topsy-turvy Land.
Student Answer: I don't know the answer to this question.
Evaluate the student's answer. Return: marks out of 5, feedback, and evaluation_parameter.",0/5 | Parameter: Missing Knowledge | Feedback: This answer needs more effort and a clearer understanding of the topic.
english,chapter_7,Topsy-turvy Land,What is unusual about the hats in Topsy-turvy Land?,People wear their hats on their feet instead of on their heads.,People wear their hats on their feet instead of on their heads.,5,5,Excellent answer! You explained the concept of Topsy-turvy Land very clearly.,Conceptual Understanding & Factual Accuracy,"Subject: english
Chapter: Topsy-turvy Land
Question: What is unusual about the hats in Topsy-turvy Land?
Expected Answer: People wear their hats on their feet instead of on their heads.
Student Answer: People wear their hats on their feet instead of on their heads.
Evaluate the student's answer. Return: marks out of 5, feedback, and evaluation_parameter.",5/5 | Parameter: Conceptual Understanding & Factual Accuracy | Feedback: Excellent answer! You explained the concept of Topsy-turvy Land very clearly.
english,chapter_7,Topsy-turvy Land,What is unusual about the hats in Topsy-turvy Land?,People wear their hats on their feet instead of on their heads.,People wear their hats on their.,3,5,"Good attempt. You mentioned some correct points, but please add more details for a complete explanation.",Incomplete Explanation,"Subject: english
Chapter: Topsy-turvy Land
Question: What is unusual about the hats in Topsy-turvy Land?
Expected Answer: People wear their hats on their feet instead of on their heads.
Student Answer: People wear their hats on their.
Evaluate the student's answer. Return: marks out of 5, feedback, and evaluation_parameter.","3/5 | Parameter: Incomplete Explanation | Feedback: Good attempt. You mentioned some correct points, but please add more details for a complete explanation."
english,chapter_7,Topsy-turvy Land,What is unusual about the hats in Topsy-turvy Land?,People wear their hats on their feet instead of on their heads.,I don't know the answer to this question.,0,5,This answer needs more effort and a clearer understanding of the topic.,Missing Knowledge,"Subject: english
Chapter: Topsy-turvy Land
Question: What is unusual about the hats in Topsy-turvy Land?
Expected Answer: People wear their hats on their feet instead of on their heads.
Student Answer: I don't know the answer to this question.
Evaluate the student's answer. Return: marks out of 5, feedback, and evaluation_parameter.",0/5 | Parameter: Missing Knowledge | Feedback: This answer needs more effort and a clearer understanding of the topic.
english,chapter_7,Topsy-turvy Land,How do you pay for things in Topsy-turvy Land?,"You pay for what you never get, which means buying things you do not receive.","You pay for what you never get, which means buying things you do not receive.",5,5,Excellent answer! You explained the concept of Topsy-turvy Land very clearly.,Conceptual Understanding & Factual Accuracy,"Subject: english
Chapter: Topsy-turvy Land
Question: How do you pay for things in Topsy-turvy Land?
Expected Answer: You pay for what you never get, which means buying things you do not receive.
Student Answer: You pay for what you never get, which means buying things you do not receive.
Evaluate the student's answer. Return: marks out of 5, feedback, and evaluation_parameter.",5/5 | Parameter: Conceptual Understanding & Factual Accuracy | Feedback: Excellent answer! You explained the concept of Topsy-turvy Land very clearly.
english,chapter_7,Topsy-turvy Land,How do you pay for things in Topsy-turvy Land?,"You pay for what you never get, which means buying things you do not receive.","You pay for what you never get,.",3,5,"Good attempt. You mentioned some correct points, but please add more details for a complete explanation.",Incomplete Explanation,"Subject: english
Chapter: Topsy-turvy Land
Question: How do you pay for things in Topsy-turvy Land?
Expected Answer: You pay for what you never get, which means buying things you do not receive.
Student Answer: You pay for what you never get,.
Evaluate the student's answer. Return: marks out of 5, feedback, and evaluation_parameter.","3/5 | Parameter: Incomplete Explanation | Feedback: Good attempt. You mentioned some correct points, but please add more details for a complete explanation."
english,chapter_7,Topsy-turvy Land,How do you pay for things in Topsy-turvy Land?,"You pay for what you never get, which means buying things you do not receive.",I don't know the answer to this question.,0,5,This answer needs more effort and a clearer understanding of the topic.,Missing Knowledge,"Subject: english
Chapter: Topsy-turvy Land
Question: How do you pay for things in Topsy-turvy Land?
Expected Answer: You pay for what you never get, which means buying things you do not receive.
Student Answer: I don't know the answer to this question.
Evaluate the student's answer. Return: marks out of 5, feedback, and evaluation_parameter.",0/5 | Parameter: Missing Knowledge | Feedback: This answer needs more effort and a clearer understanding of the topic.
english,chapter_8,Gulliver's Travels,Who was Gulliver?,Gulliver was a ship's doctor who loved traveling to far-off places and got shipwrecked.,Gulliver was a ship's doctor who loved traveling to far-off places and got shipwrecked.,5,5,Excellent answer! You explained the concept of Gulliver's Travels very clearly.,Conceptual Understanding & Factual Accuracy,"Subject: english
Chapter: Gulliver's Travels
Question: Who was Gulliver?
Expected Answer: Gulliver was a ship's doctor who loved traveling to far-off places and got shipwrecked.
Student Answer: Gulliver was a ship's doctor who loved traveling to far-off places and got shipwrecked.
Evaluate the student's answer. Return: marks out of 5, feedback, and evaluation_parameter.",5/5 | Parameter: Conceptual Understanding & Factual Accuracy | Feedback: Excellent answer! You explained the concept of Gulliver's Travels very clearly.
english,chapter_8,Gulliver's Travels,Who was Gulliver?,Gulliver was a ship's doctor who loved traveling to far-off places and got shipwrecked.,Gulliver was a ship's doctor who loved.,3,5,"Good attempt. You mentioned some correct points, but please add more details for a complete explanation.",Incomplete Explanation,"Subject: english
Chapter: Gulliver's Travels
Question: Who was Gulliver?
Expected Answer: Gulliver was a ship's doctor who loved traveling to far-off places and got shipwrecked.
Student Answer: Gulliver was a ship's doctor who loved.
Evaluate the student's answer. Return: marks out of 5, feedback, and evaluation_parameter.","3/5 | Parameter: Incomplete Explanation | Feedback: Good attempt. You mentioned some correct points, but please add more details for a complete explanation."
english,chapter_8,Gulliver's Travels,Who was Gulliver?,Gulliver was a ship's doctor who loved traveling to far-off places and got shipwrecked.,I don't know the answer to this question.,0,5,This answer needs more effort and a clearer understanding of the topic.,Missing Knowledge,"Subject: english
Chapter: Gulliver's Travels
Question: Who was Gulliver?
Expected Answer: Gulliver was a ship's doctor who loved traveling to far-off places and got shipwrecked.
Student Answer: I don't know the answer to this question.
Evaluate the student's answer. Return: marks out of 5, feedback, and evaluation_parameter.",0/5 | Parameter: Missing Knowledge | Feedback: This answer needs more effort and a clearer understanding of the topic.
english,chapter_8,Gulliver's Travels,How did Gulliver describe the giants' voices?,"He described their voices as loud as thunder, which hurt his ears.","He described their voices as loud as thunder, which hurt his ears.",5,5,Excellent answer! You explained the concept of Gulliver's Travels very clearly.,Conceptual Understanding & Factual Accuracy,"Subject: english
Chapter: Gulliver's Travels
Question: How did Gulliver describe the giants' voices?
Expected Answer: He described their voices as loud as thunder, which hurt his ears.
Student Answer: He described their voices as loud as thunder, which hurt his ears.
Evaluate the student's answer. Return: marks out of 5, feedback, and evaluation_parameter.",5/5 | Parameter: Conceptual Understanding & Factual Accuracy | Feedback: Excellent answer! You explained the concept of Gulliver's Travels very clearly.
english,chapter_8,Gulliver's Travels,How did Gulliver describe the giants' voices?,"He described their voices as loud as thunder, which hurt his ears.",He described their voices as loud.,3,5,"Good attempt. You mentioned some correct points, but please add more details for a complete explanation.",Incomplete Explanation,"Subject: english
Chapter: Gulliver's Travels
Question: How did Gulliver describe the giants' voices?
Expected Answer: He described their voices as loud as thunder, which hurt his ears.
Student Answer: He described their voices as loud.
Evaluate the student's answer. Return: marks out of 5, feedback, and evaluation_parameter.","3/5 | Parameter: Incomplete Explanation | Feedback: Good attempt. You mentioned some correct points, but please add more details for a complete explanation."
english,chapter_8,Gulliver's Travels,How did Gulliver describe the giants' voices?,"He described their voices as loud as thunder, which hurt his ears.",I don't know the answer to this question.,0,5,This answer needs more effort and a clearer understanding of the topic.,Missing Knowledge,"Subject: english
Chapter: Gulliver's Travels
Question: How did Gulliver describe the giants' voices?
Expected Answer: He described their voices as loud as thunder, which hurt his ears.
Student Answer: I don't know the answer to this question.
Evaluate the student's answer. Return: marks out of 5, feedback, and evaluation_parameter.",0/5 | Parameter: Missing Knowledge | Feedback: This answer needs more effort and a clearer understanding of the topic.
english,chapter_8,Gulliver's Travels,What did the giant farmer do when he first found Gulliver?,He picked Gulliver up between his thumb and forefinger and looked at him with curiosity.,He picked Gulliver up between his thumb and forefinger and looked at him with curiosity.,5,5,Excellent answer! You explained the concept of Gulliver's Travels very clearly.,Conceptual Understanding & Factual Accuracy,"Subject: english
Chapter: Gulliver's Travels
Question: What did the giant farmer do when he first found Gulliver?
Expected Answer: He picked Gulliver up between his thumb and forefinger and looked at him with curiosity.
Student Answer: He picked Gulliver up between his thumb and forefinger and looked at him with curiosity.
Evaluate the student's answer. Return: marks out of 5, feedback, and evaluation_parameter.",5/5 | Parameter: Conceptual Understanding & Factual Accuracy | Feedback: Excellent answer! You explained the concept of Gulliver's Travels very clearly.
english,chapter_8,Gulliver's Travels,What did the giant farmer do when he first found Gulliver?,He picked Gulliver up between his thumb and forefinger and looked at him with curiosity.,He picked Gulliver up between his thumb.,3,5,"Good attempt. You mentioned some correct points, but please add more details for a complete explanation.",Incomplete Explanation,"Subject: english
Chapter: Gulliver's Travels
Question: What did the giant farmer do when he first found Gulliver?
Expected Answer: He picked Gulliver up between his thumb and forefinger and looked at him with curiosity.
Student Answer: He picked Gulliver up between his thumb.
Evaluate the student's answer. Return: marks out of 5, feedback, and evaluation_parameter.","3/5 | Parameter: Incomplete Explanation | Feedback: Good attempt. You mentioned some correct points, but please add more details for a complete explanation."
english,chapter_8,Gulliver's Travels,What did the giant farmer do when he first found Gulliver?,He picked Gulliver up between his thumb and forefinger and looked at him with curiosity.,I don't know the answer to this question.,0,5,This answer needs more effort and a clearer understanding of the topic.,Missing Knowledge,"Subject: english
Chapter: Gulliver's Travels
Question: What did the giant farmer do when he first found Gulliver?
Expected Answer: He picked Gulliver up between his thumb and forefinger and looked at him with curiosity.
Student Answer: I don't know the answer to this question.
Evaluate the student's answer. Return: marks out of 5, feedback, and evaluation_parameter.",0/5 | Parameter: Missing Knowledge | Feedback: This answer needs more effort and a clearer understanding of the topic.
english,chapter_8,Gulliver's Travels,Who looked after Gulliver in the giant's household?,"The farmer's nine-year-old daughter, whom he called Glumdalclitch, looked after him.","The farmer's nine-year-old daughter, whom he called Glumdalclitch, looked after him.",5,5,Excellent answer! You explained the concept of Gulliver's Travels very clearly.,Conceptual Understanding & Factual Accuracy,"Subject: english
Chapter: Gulliver's Travels
Question: Who looked after Gulliver in the giant's household?
Expected Answer: The farmer's nine-year-old daughter, whom he called Glumdalclitch, looked after him.
Student Answer: The farmer's nine-year-old daughter, whom he called Glumdalclitch, looked after him.
Evaluate the student's answer. Return: marks out of 5, feedback, and evaluation_parameter.",5/5 | Parameter: Conceptual Understanding & Factual Accuracy | Feedback: Excellent answer! You explained the concept of Gulliver's Travels very clearly.
english,chapter_8,Gulliver's Travels,Who looked after Gulliver in the giant's household?,"The farmer's nine-year-old daughter, whom he called Glumdalclitch, looked after him.","The farmer's nine-year-old daughter, whom.",3,5,"Good attempt. You mentioned some correct points, but please add more details for a complete explanation.",Incomplete Explanation,"Subject: english
Chapter: Gulliver's Travels
Question: Who looked after Gulliver in the giant's household?
Expected Answer: The farmer's nine-year-old daughter, whom he called Glumdalclitch, looked after him.
Student Answer: The farmer's nine-year-old daughter, whom.
Evaluate the student's answer. Return: marks out of 5, feedback, and evaluation_parameter.","3/5 | Parameter: Incomplete Explanation | Feedback: Good attempt. You mentioned some correct points, but please add more details for a complete explanation."
english,chapter_8,Gulliver's Travels,Who looked after Gulliver in the giant's household?,"The farmer's nine-year-old daughter, whom he called Glumdalclitch, looked after him.",I don't know the answer to this question.,0,5,This answer needs more effort and a clearer understanding of the topic.,Missing Knowledge,"Subject: english
Chapter: Gulliver's Travels
Question: Who looked after Gulliver in the giant's household?
Expected Answer: The farmer's nine-year-old daughter, whom he called Glumdalclitch, looked after him.
Student Answer: I don't know the answer to this question.
Evaluate the student's answer. Return: marks out of 5, feedback, and evaluation_parameter.",0/5 | Parameter: Missing Knowledge | Feedback: This answer needs more effort and a clearer understanding of the topic.
hindi,chapter_1,पाठ 1 — ध्वनि,कवि को ऐसा विश्वास क्यों है कि उसका अंत अभी नहीं होगा?,"कवि के जीवन में अभी-अभी वसंत रूपी नए उत्साह का आगमन हुआ है। जब तक वह आलसी युवाओं में नवजीवन का संचार नहीं कर देता, तब तक उसका अंत नहीं होगा।","कवि के जीवन में अभी-अभी वसंत रूपी नए उत्साह का आगमन हुआ है। जब तक वह आलसी युवाओं में नवजीवन का संचार नहीं कर देता, तब तक उसका अंत नहीं होगा।",5,5,उत्कृष्ट उत्तर! आपने प्रश्न का सही और स्पष्ट उत्तर दिया है।,पूर्ण उत्तर एवं अवधारणा स्पष्टता (Conceptual Accuracy),"Subject: hindi
Chapter: पाठ 1 — ध्वनि
Question: कवि को ऐसा विश्वास क्यों है कि उसका अंत अभी नहीं होगा?
Expected Answer: कवि के जीवन में अभी-अभी वसंत रूपी नए उत्साह का आगमन हुआ है। जब तक वह आलसी युवाओं में नवजीवन का संचार नहीं कर देता, तब तक उसका अंत नहीं होगा।
Student Answer: कवि के जीवन में अभी-अभी वसंत रूपी नए उत्साह का आगमन हुआ है। जब तक वह आलसी युवाओं में नवजीवन का संचार नहीं कर देता, तब तक उसका अंत नहीं होगा।
Evaluate the student's answer. Return: marks out of 5, feedback, and evaluation_parameter.",5/5 | Parameter: पूर्ण उत्तर एवं अवधारणा स्पष्टता (Conceptual Accuracy) | Feedback: उत्कृष्ट उत्तर! आपने प्रश्न का सही और स्पष्ट उत्तर दिया है।
hindi,chapter_1,पाठ 1 — ध्वनि,कवि को ऐसा विश्वास क्यों है कि उसका अंत अभी नहीं होगा?,"कवि के जीवन में अभी-अभी वसंत रूपी नए उत्साह का आगमन हुआ है। जब तक वह आलसी युवाओं में नवजीवन का संचार नहीं कर देता, तब तक उसका अंत नहीं होगा।",कवि के जीवन में अभी-अभी वसंत रूपी नए उत्साह का आगमन हुआ है। जब तक।,3,5,"अच्छा प्रयास! आपने कुछ मुख्य बिंदु लिखे हैं, पर उत्तर को पूर्ण करने के लिए थोड़े और विवरण की आवश्यकता है।",आंशिक उत्तर (Partial Concept Recall),"Subject: hindi
Chapter: पाठ 1 — ध्वनि
Question: कवि को ऐसा विश्वास क्यों है कि उसका अंत अभी नहीं होगा?
Expected Answer: कवि के जीवन में अभी-अभी वसंत रूपी नए उत्साह का आगमन हुआ है। जब तक वह आलसी युवाओं में नवजीवन का संचार नहीं कर देता, तब तक उसका अंत नहीं होगा।
Student Answer: कवि के जीवन में अभी-अभी वसंत रूपी नए उत्साह का आगमन हुआ है। जब तक।
Evaluate the student's answer. Return: marks out of 5, feedback, and evaluation_parameter.","3/5 | Parameter: आंशिक उत्तर (Partial Concept Recall) | Feedback: अच्छा प्रयास! आपने कुछ मुख्य बिंदु लिखे हैं, पर उत्तर को पूर्ण करने के लिए थोड़े और विवरण की आवश्यकता है।"
hindi,chapter_1,पाठ 1 — ध्वनि,कवि को ऐसा विश्वास क्यों है कि उसका अंत अभी नहीं होगा?,"कवि के जीवन में अभी-अभी वसंत रूपी नए उत्साह का आगमन हुआ है। जब तक वह आलसी युवाओं में नवजीवन का संचार नहीं कर देता, तब तक उसका अंत नहीं होगा।",मुझे इस प्रश्न का उत्तर नहीं पता है।,0,5,इस उत्तर में अधिक प्रयास और विषय की बेहतर समझ की आवश्यकता है।,अनुत्तरित / अपर्याप्त ज्ञान (No Attempt),"Subject: hindi
Chapter: पाठ 1 — ध्वनि
Question: कवि को ऐसा विश्वास क्यों है कि उसका अंत अभी नहीं होगा?
Expected Answer: कवि के जीवन में अभी-अभी वसंत रूपी नए उत्साह का आगमन हुआ है। जब तक वह आलसी युवाओं में नवजीवन का संचार नहीं कर देता, तब तक उसका अंत नहीं होगा।
Student Answer: मुझे इस प्रश्न का उत्तर नहीं पता है।
Evaluate the student's answer. Return: marks out of 5, feedback, and evaluation_parameter.",0/5 | Parameter: अनुत्तरित / अपर्याप्त ज्ञान (No Attempt) | Feedback: इस उत्तर में अधिक प्रयास और विषय की बेहतर समझ की आवश्यकता है।
hindi,chapter_1,पाठ 1 — ध्वनि,फूलों को अनंत तक विकसित करने के लिए कवि कौन-कौन सा प्रयास करता है?,कवि फूलों की तंद्रा (नींद) और आलस्य को दूर भगाने के लिए उन पर अपने स्पर्श से नया सवेरा लाना चाहता है तथा नवजीवन का अमृत सींचता है।,कवि फूलों की तंद्रा (नींद) और आलस्य को दूर भगाने के लिए उन पर अपने स्पर्श से नया सवेरा लाना चाहता है तथा नवजीवन का अमृत सींचता है।,5,5,उत्कृष्ट उत्तर! आपने प्रश्न का सही और स्पष्ट उत्तर दिया है।,पूर्ण उत्तर एवं अवधारणा स्पष्टता (Conceptual Accuracy),"Subject: hindi
Chapter: पाठ 1 — ध्वनि
Question: फूलों को अनंत तक विकसित करने के लिए कवि कौन-कौन सा प्रयास करता है?
Expected Answer: कवि फूलों की तंद्रा (नींद) और आलस्य को दूर भगाने के लिए उन पर अपने स्पर्श से नया सवेरा लाना चाहता है तथा नवजीवन का अमृत सींचता है।
Student Answer: कवि फूलों की तंद्रा (नींद) और आलस्य को दूर भगाने के लिए उन पर अपने स्पर्श से नया सवेरा लाना चाहता है तथा नवजीवन का अमृत सींचता है।
Evaluate the student's answer. Return: marks out of 5, feedback, and evaluation_parameter.",5/5 | Parameter: पूर्ण उत्तर एवं अवधारणा स्पष्टता (Conceptual Accuracy) | Feedback: उत्कृष्ट उत्तर! आपने प्रश्न का सही और स्पष्ट उत्तर दिया है।
hindi,chapter_1,पाठ 1 — ध्वनि,फूलों को अनंत तक विकसित करने के लिए कवि कौन-कौन सा प्रयास करता है?,कवि फूलों की तंद्रा (नींद) और आलस्य को दूर भगाने के लिए उन पर अपने स्पर्श से नया सवेरा लाना चाहता है तथा नवजीवन का अमृत सींचता है।,कवि फूलों की तंद्रा (नींद) और आलस्य को दूर भगाने के लिए उन पर।,3,5,"अच्छा प्रयास! आपने कुछ मुख्य बिंदु लिखे हैं, पर उत्तर को पूर्ण करने के लिए थोड़े और विवरण की आवश्यकता है।",आंशिक उत्तर (Partial Concept Recall),"Subject: hindi
Chapter: पाठ 1 — ध्वनि
Question: फूलों को अनंत तक विकसित करने के लिए कवि कौन-कौन सा प्रयास करता है?
Expected Answer: कवि फूलों की तंद्रा (नींद) और आलस्य को दूर भगाने के लिए उन पर अपने स्पर्श से नया सवेरा लाना चाहता है तथा नवजीवन का अमृत सींचता है।
Student Answer: कवि फूलों की तंद्रा (नींद) और आलस्य को दूर भगाने के लिए उन पर।
Evaluate the student's answer. Return: marks out of 5, feedback, and evaluation_parameter.","3/5 | Parameter: आंशिक उत्तर (Partial Concept Recall) | Feedback: अच्छा प्रयास! आपने कुछ मुख्य बिंदु लिखे हैं, पर उत्तर को पूर्ण करने के लिए थोड़े और विवरण की आवश्यकता है।"
hindi,chapter_1,पाठ 1 — ध्वनि,फूलों को अनंत तक विकसित करने के लिए कवि कौन-कौन सा प्रयास करता है?,कवि फूलों की तंद्रा (नींद) और आलस्य को दूर भगाने के लिए उन पर अपने स्पर्श से नया सवेरा लाना चाहता है तथा नवजीवन का अमृत सींचता है।,मुझे इस प्रश्न का उत्तर नहीं पता है।,0,5,इस उत्तर में अधिक प्रयास और विषय की बेहतर समझ की आवश्यकता है।,अनुत्तरित / अपर्याप्त ज्ञान (No Attempt),"Subject: hindi
Chapter: पाठ 1 — ध्वनि
Question: फूलों को अनंत तक विकसित करने के लिए कवि कौन-कौन सा प्रयास करता है?
Expected Answer: कवि फूलों की तंद्रा (नींद) और आलस्य को दूर भगाने के लिए उन पर अपने स्पर्श से नया सवेरा लाना चाहता है तथा नवजीवन का अमृत सींचता है।
Student Answer: मुझे इस प्रश्न का उत्तर नहीं पता है।
Evaluate the student's answer. Return: marks out of 5, feedback, and evaluation_parameter.",0/5 | Parameter: अनुत्तरित / अपर्याप्त ज्ञान (No Attempt) | Feedback: इस उत्तर में अधिक प्रयास और विषय की बेहतर समझ की आवश्यकता है।
hindi,chapter_1,पाठ 1 — ध्वनि,कवि पुष्पों की तंद्रा और आलस्य दूर हटाने के लिए क्या करना चाहता है?,कवि अपने जीवन के अमृत से सींचकर पुष्पों को नए सवेरे का संदेश देना चाहता है ताकि वे अनंत तक खिलते रहें।,कवि अपने जीवन के अमृत से सींचकर पुष्पों को नए सवेरे का संदेश देना चाहता है ताकि वे अनंत तक खिलते रहें।,5,5,उत्कृष्ट उत्तर! आपने प्रश्न का सही और स्पष्ट उत्तर दिया है।,पूर्ण उत्तर एवं अवधारणा स्पष्टता (Conceptual Accuracy),"Subject: hindi
Chapter: पाठ 1 — ध्वनि
Question: कवि पुष्पों की तंद्रा और आलस्य दूर हटाने के लिए क्या करना चाहता है?
Expected Answer: कवि अपने जीवन के अमृत से सींचकर पुष्पों को नए सवेरे का संदेश देना चाहता है ताकि वे अनंत तक खिलते रहें।
Student Answer: कवि अपने जीवन के अमृत से सींचकर पुष्पों को नए सवेरे का संदेश देना चाहता है ताकि वे अनंत तक खिलते रहें।
Evaluate the student's answer. Return: marks out of 5, feedback, and evaluation_parameter.",5/5 | Parameter: पूर्ण उत्तर एवं अवधारणा स्पष्टता (Conceptual Accuracy) | Feedback: उत्कृष्ट उत्तर! आपने प्रश्न का सही और स्पष्ट उत्तर दिया है।
hindi,chapter_1,पाठ 1 — ध्वनि,कवि पुष्पों की तंद्रा और आलस्य दूर हटाने के लिए क्या करना चाहता है?,कवि अपने जीवन के अमृत से सींचकर पुष्पों को नए सवेरे का संदेश देना चाहता है ताकि वे अनंत तक खिलते रहें।,कवि अपने जीवन के अमृत से सींचकर पुष्पों को नए सवेरे।,3,5,"अच्छा प्रयास! आपने कुछ मुख्य बिंदु लिखे हैं, पर उत्तर को पूर्ण करने के लिए थोड़े और विवरण की आवश्यकता है।",आंशिक उत्तर (Partial Concept Recall),"Subject: hindi
Chapter: पाठ 1 — ध्वनि
Question: कवि पुष्पों की तंद्रा और आलस्य दूर हटाने के लिए क्या करना चाहता है?
Expected Answer: कवि अपने जीवन के अमृत से सींचकर पुष्पों को नए सवेरे का संदेश देना चाहता है ताकि वे अनंत तक खिलते रहें।
Student Answer: कवि अपने जीवन के अमृत से सींचकर पुष्पों को नए सवेरे।
Evaluate the student's answer. Return: marks out of 5, feedback, and evaluation_parameter.","3/5 | Parameter: आंशिक उत्तर (Partial Concept Recall) | Feedback: अच्छा प्रयास! आपने कुछ मुख्य बिंदु लिखे हैं, पर उत्तर को पूर्ण करने के लिए थोड़े और विवरण की आवश्यकता है।"
hindi,chapter_1,पाठ 1 — ध्वनि,कवि पुष्पों की तंद्रा और आलस्य दूर हटाने के लिए क्या करना चाहता है?,कवि अपने जीवन के अमृत से सींचकर पुष्पों को नए सवेरे का संदेश देना चाहता है ताकि वे अनंत तक खिलते रहें।,मुझे इस प्रश्न का उत्तर नहीं पता है।,0,5,इस उत्तर में अधिक प्रयास और विषय की बेहतर समझ की आवश्यकता है।,अनुत्तरित / अपर्याप्त ज्ञान (No Attempt),"Subject: hindi
Chapter: पाठ 1 — ध्वनि
Question: कवि पुष्पों की तंद्रा और आलस्य दूर हटाने के लिए क्या करना चाहता है?
Expected Answer: कवि अपने जीवन के अमृत से सींचकर पुष्पों को नए सवेरे का संदेश देना चाहता है ताकि वे अनंत तक खिलते रहें।
Student Answer: मुझे इस प्रश्न का उत्तर नहीं पता है।
Evaluate the student's answer. Return: marks out of 5, feedback, and evaluation_parameter.",0/5 | Parameter: अनुत्तरित / अपर्याप्त ज्ञान (No Attempt) | Feedback: इस उत्तर में अधिक प्रयास और विषय की बेहतर समझ की आवश्यकता है।
hindi,chapter_1,पाठ 1 — ध्वनि,कविता 'ध्वनि' के रचयिता कौन हैं?,कविता 'ध्वनि' के रचयिता प्रसिद्ध महान कवि सूर्यकांत त्रिपाठी 'निराला' जी हैं।,कविता 'ध्वनि' के रचयिता प्रसिद्ध महान कवि सूर्यकांत त्रिपाठी 'निराला' जी हैं।,5,5,उत्कृष्ट उत्तर! आपने प्रश्न का सही और स्पष्ट उत्तर दिया है।,पूर्ण उत्तर एवं अवधारणा स्पष्टता (Conceptual Accuracy),"Subject: hindi
Chapter: पाठ 1 — ध्वनि
Question: कविता 'ध्वनि' के रचयिता कौन हैं?
Expected Answer: कविता 'ध्वनि' के रचयिता प्रसिद्ध महान कवि सूर्यकांत त्रिपाठी 'निराला' जी हैं।
Student Answer: कविता 'ध्वनि' के रचयिता प्रसिद्ध महान कवि सूर्यकांत त्रिपाठी 'निराला' जी हैं।
Evaluate the student's answer. Return: marks out of 5, feedback, and evaluation_parameter.",5/5 | Parameter: पूर्ण उत्तर एवं अवधारणा स्पष्टता (Conceptual Accuracy) | Feedback: उत्कृष्ट उत्तर! आपने प्रश्न का सही और स्पष्ट उत्तर दिया है।
hindi,chapter_1,पाठ 1 — ध्वनि,कविता 'ध्वनि' के रचयिता कौन हैं?,कविता 'ध्वनि' के रचयिता प्रसिद्ध महान कवि सूर्यकांत त्रिपाठी 'निराला' जी हैं।,कविता 'ध्वनि' के रचयिता प्रसिद्ध महान।,3,5,"अच्छा प्रयास! आपने कुछ मुख्य बिंदु लिखे हैं, पर उत्तर को पूर्ण करने के लिए थोड़े और विवरण की आवश्यकता है।",आंशिक उत्तर (Partial Concept Recall),"Subject: hindi
Chapter: पाठ 1 — ध्वनि
Question: कविता 'ध्वनि' के रचयिता कौन हैं?
Expected Answer: कविता 'ध्वनि' के रचयिता प्रसिद्ध महान कवि सूर्यकांत त्रिपाठी 'निराला' जी हैं।
Student Answer: कविता 'ध्वनि' के रचयिता प्रसिद्ध महान।
Evaluate the student's answer. Return: marks out of 5, feedback, and evaluation_parameter.","3/5 | Parameter: आंशिक उत्तर (Partial Concept Recall) | Feedback: अच्छा प्रयास! आपने कुछ मुख्य बिंदु लिखे हैं, पर उत्तर को पूर्ण करने के लिए थोड़े और विवरण की आवश्यकता है।"
hindi,chapter_1,पाठ 1 — ध्वनि,कविता 'ध्वनि' के रचयिता कौन हैं?,कविता 'ध्वनि' के रचयिता प्रसिद्ध महान कवि सूर्यकांत त्रिपाठी 'निराला' जी हैं।,मुझे इस प्रश्न का उत्तर नहीं पता है।,0,5,इस उत्तर में अधिक प्रयास और विषय की बेहतर समझ की आवश्यकता है।,अनुत्तरित / अपर्याप्त ज्ञान (No Attempt),"Subject: hindi
Chapter: पाठ 1 — ध्वनि
Question: कविता 'ध्वनि' के रचयिता कौन हैं?
Expected Answer: कविता 'ध्वनि' के रचयिता प्रसिद्ध महान कवि सूर्यकांत त्रिपाठी 'निराला' जी हैं।
Student Answer: मुझे इस प्रश्न का उत्तर नहीं पता है।
Evaluate the student's answer. Return: marks out of 5, feedback, and evaluation_parameter.",0/5 | Parameter: अनुत्तरित / अपर्याप्त ज्ञान (No Attempt) | Feedback: इस उत्तर में अधिक प्रयास और विषय की बेहतर समझ की आवश्यकता है।
hindi,chapter_2,पाठ 2 — बचपन,लेखिका बचपन में इतवार की सुबह क्या-क्या काम करती थीं?,लेखिका इतवार की सुबह अपने मोज़े धोती थीं और अपने जूतों पर पॉलिश करके उन्हें चमकाती थीं।,लेखिका इतवार की सुबह अपने मोज़े धोती थीं और अपने जूतों पर पॉलिश करके उन्हें चमकाती थीं।,5,5,उत्कृष्ट उत्तर! आपने प्रश्न का सही और स्पष्ट उत्तर दिया है।,पूर्ण उत्तर एवं अवधारणा स्पष्टता (Conceptual Accuracy),"Subject: hindi
Chapter: पाठ 2 — बचपन
Question: लेखिका बचपन में इतवार की सुबह क्या-क्या काम करती थीं?
Expected Answer: लेखिका इतवार की सुबह अपने मोज़े धोती थीं और अपने जूतों पर पॉलिश करके उन्हें चमकाती थीं।
Student Answer: लेखिका इतवार की सुबह अपने मोज़े धोती थीं और अपने जूतों पर पॉलिश करके उन्हें चमकाती थीं।
Evaluate the student's answer. Return: marks out of 5, feedback, and evaluation_parameter.",5/5 | Parameter: पूर्ण उत्तर एवं अवधारणा स्पष्टता (Conceptual Accuracy) | Feedback: उत्कृष्ट उत्तर! आपने प्रश्न का सही और स्पष्ट उत्तर दिया है।
hindi,chapter_2,पाठ 2 — बचपन,लेखिका बचपन में इतवार की सुबह क्या-क्या काम करती थीं?,लेखिका इतवार की सुबह अपने मोज़े धोती थीं और अपने जूतों पर पॉलिश करके उन्हें चमकाती थीं।,लेखिका इतवार की सुबह अपने मोज़े धोती थीं।,3,5,"अच्छा प्रयास! आपने कुछ मुख्य बिंदु लिखे हैं, पर उत्तर को पूर्ण करने के लिए थोड़े और विवरण की आवश्यकता है।",आंशिक उत्तर (Partial Concept Recall),"Subject: hindi
Chapter: पाठ 2 — बचपन
Question: लेखिका बचपन में इतवार की सुबह क्या-क्या काम करती थीं?
Expected Answer: लेखिका इतवार की सुबह अपने मोज़े धोती थीं और अपने जूतों पर पॉलिश करके उन्हें चमकाती थीं।
Student Answer: लेखिका इतवार की सुबह अपने मोज़े धोती थीं।
Evaluate the student's answer. Return: marks out of 5, feedback, and evaluation_parameter.","3/5 | Parameter: आंशिक उत्तर (Partial Concept Recall) | Feedback: अच्छा प्रयास! आपने कुछ मुख्य बिंदु लिखे हैं, पर उत्तर को पूर्ण करने के लिए थोड़े और विवरण की आवश्यकता है।"
hindi,chapter_2,पाठ 2 — बचपन,लेखिका बचपन में इतवार की सुबह क्या-क्या काम करती थीं?,लेखिका इतवार की सुबह अपने मोज़े धोती थीं और अपने जूतों पर पॉलिश करके उन्हें चमकाती थीं।,मुझे इस प्रश्न का उत्तर नहीं पता है।,0,5,इस उत्तर में अधिक प्रयास और विषय की बेहतर समझ की आवश्यकता है।,अनुत्तरित / अपर्याप्त ज्ञान (No Attempt),"Subject: hindi
Chapter: पाठ 2 — बचपन
Question: लेखिका बचपन में इतवार की सुबह क्या-क्या काम करती थीं?
Expected Answer: लेखिका इतवार की सुबह अपने मोज़े धोती थीं और अपने जूतों पर पॉलिश करके उन्हें चमकाती थीं।
Student Answer: मुझे इस प्रश्न का उत्तर नहीं पता है।
Evaluate the student's answer. Return: marks out of 5, feedback, and evaluation_parameter.",0/5 | Parameter: अनुत्तरित / अपर्याप्त ज्ञान (No Attempt) | Feedback: इस उत्तर में अधिक प्रयास और विषय की बेहतर समझ की आवश्यकता है।
hindi,chapter_2,पाठ 2 — बचपन,लेखिका को चश्मा क्यों लगाना पड़ा?,"दिन की रोशनी छोड़कर रात में टेबल लैंप के सामने काम करने के कारण उनकी नज़र कमज़ोर हो गई थी, इसलिए चश्मा लगाना पड़ा।","दिन की रोशनी छोड़कर रात में टेबल लैंप के सामने काम करने के कारण उनकी नज़र कमज़ोर हो गई थी, इसलिए चश्मा लगाना पड़ा।",5,5,उत्कृष्ट उत्तर! आपने प्रश्न का सही और स्पष्ट उत्तर दिया है।,पूर्ण उत्तर एवं अवधारणा स्पष्टता (Conceptual Accuracy),"Subject: hindi
Chapter: पाठ 2 — बचपन
Question: लेखिका को चश्मा क्यों लगाना पड़ा?
Expected Answer: दिन की रोशनी छोड़कर रात में टेबल लैंप के सामने काम करने के कारण उनकी नज़र कमज़ोर हो गई थी, इसलिए चश्मा लगाना पड़ा।
Student Answer: दिन की रोशनी छोड़कर रात में टेबल लैंप के सामने काम करने के कारण उनकी नज़र कमज़ोर हो गई थी, इसलिए चश्मा लगाना पड़ा।
Evaluate the student's answer. Return: marks out of 5, feedback, and evaluation_parameter.",5/5 | Parameter: पूर्ण उत्तर एवं अवधारणा स्पष्टता (Conceptual Accuracy) | Feedback: उत्कृष्ट उत्तर! आपने प्रश्न का सही और स्पष्ट उत्तर दिया है।
hindi,chapter_2,पाठ 2 — बचपन,लेखिका को चश्मा क्यों लगाना पड़ा?,"दिन की रोशनी छोड़कर रात में टेबल लैंप के सामने काम करने के कारण उनकी नज़र कमज़ोर हो गई थी, इसलिए चश्मा लगाना पड़ा।",दिन की रोशनी छोड़कर रात में टेबल लैंप के सामने काम करने।,3,5,"अच्छा प्रयास! आपने कुछ मुख्य बिंदु लिखे हैं, पर उत्तर को पूर्ण करने के लिए थोड़े और विवरण की आवश्यकता है।",आंशिक उत्तर (Partial Concept Recall),"Subject: hindi
Chapter: पाठ 2 — बचपन
Question: लेखिका को चश्मा क्यों लगाना पड़ा?
Expected Answer: दिन की रोशनी छोड़कर रात में टेबल लैंप के सामने काम करने के कारण उनकी नज़र कमज़ोर हो गई थी, इसलिए चश्मा लगाना पड़ा।
Student Answer: दिन की रोशनी छोड़कर रात में टेबल लैंप के सामने काम करने।
Evaluate the student's answer. Return: marks out of 5, feedback, and evaluation_parameter.","3/5 | Parameter: आंशिक उत्तर (Partial Concept Recall) | Feedback: अच्छा प्रयास! आपने कुछ मुख्य बिंदु लिखे हैं, पर उत्तर को पूर्ण करने के लिए थोड़े और विवरण की आवश्यकता है।"
hindi,chapter_2,पाठ 2 — बचपन,लेखिका को चश्मा क्यों लगाना पड़ा?,"दिन की रोशनी छोड़कर रात में टेबल लैंप के सामने काम करने के कारण उनकी नज़र कमज़ोर हो गई थी, इसलिए चश्मा लगाना पड़ा।",मुझे इस प्रश्न का उत्तर नहीं पता है।,0,5,इस उत्तर में अधिक प्रयास और विषय की बेहतर समझ की आवश्यकता है।,अनुत्तरित / अपर्याप्त ज्ञान (No Attempt),"Subject: hindi
Chapter: पाठ 2 — बचपन
Question: लेखिका को चश्मा क्यों लगाना पड़ा?
Expected Answer: दिन की रोशनी छोड़कर रात में टेबल लैंप के सामने काम करने के कारण उनकी नज़र कमज़ोर हो गई थी, इसलिए चश्मा लगाना पड़ा।
Student Answer: मुझे इस प्रश्न का उत्तर नहीं पता है।
Evaluate the student's answer. Return: marks out of 5, feedback, and evaluation_parameter.",0/5 | Parameter: अनुत्तरित / अपर्याप्त ज्ञान (No Attempt) | Feedback: इस उत्तर में अधिक प्रयास और विषय की बेहतर समझ की आवश्यकता है।
hindi,chapter_2,पाठ 2 — बचपन,चश्मा लगाने पर चचेरे भाई लेखिका को क्या कहकर चिढ़ाते थे?,"चचेरे भाई उन्हें चिढ़ाते हुए कहते थे—'आंख पर चश्मा लगाया ताकि सूझे दूर की, यह नहीं लड़की को मालूम सूरत बनी लंगूर की।'","चचेरे भाई उन्हें चिढ़ाते हुए कहते थे—'आंख पर चश्मा लगाया ताकि सूझे दूर की, यह नहीं लड़की को मालूम सूरत बनी लंगूर की।'",5,5,उत्कृष्ट उत्तर! आपने प्रश्न का सही और स्पष्ट उत्तर दिया है।,पूर्ण उत्तर एवं अवधारणा स्पष्टता (Conceptual Accuracy),"Subject: hindi
Chapter: पाठ 2 — बचपन
Question: चश्मा लगाने पर चचेरे भाई लेखिका को क्या कहकर चिढ़ाते थे?
Expected Answer: चचेरे भाई उन्हें चिढ़ाते हुए कहते थे—'आंख पर चश्मा लगाया ताकि सूझे दूर की, यह नहीं लड़की को मालूम सूरत बनी लंगूर की।'
Student Answer: चचेरे भाई उन्हें चिढ़ाते हुए कहते थे—'आंख पर चश्मा लगाया ताकि सूझे दूर की, यह नहीं लड़की को मालूम सूरत बनी लंगूर की।'
Evaluate the student's answer. Return: marks out of 5, feedback, and evaluation_parameter.",5/5 | Parameter: पूर्ण उत्तर एवं अवधारणा स्पष्टता (Conceptual Accuracy) | Feedback: उत्कृष्ट उत्तर! आपने प्रश्न का सही और स्पष्ट उत्तर दिया है।
hindi,chapter_2,पाठ 2 — बचपन,चश्मा लगाने पर चचेरे भाई लेखिका को क्या कहकर चिढ़ाते थे?,"चचेरे भाई उन्हें चिढ़ाते हुए कहते थे—'आंख पर चश्मा लगाया ताकि सूझे दूर की, यह नहीं लड़की को मालूम सूरत बनी लंगूर की।'",चचेरे भाई उन्हें चिढ़ाते हुए कहते थे—'आंख पर चश्मा लगाया ताकि।,3,5,"अच्छा प्रयास! आपने कुछ मुख्य बिंदु लिखे हैं, पर उत्तर को पूर्ण करने के लिए थोड़े और विवरण की आवश्यकता है।",आंशिक उत्तर (Partial Concept Recall),"Subject: hindi
Chapter: पाठ 2 — बचपन
Question: चश्मा लगाने पर चचेरे भाई लेखिका को क्या कहकर चिढ़ाते थे?
Expected Answer: चचेरे भाई उन्हें चिढ़ाते हुए कहते थे—'आंख पर चश्मा लगाया ताकि सूझे दूर की, यह नहीं लड़की को मालूम सूरत बनी लंगूर की।'
Student Answer: चचेरे भाई उन्हें चिढ़ाते हुए कहते थे—'आंख पर चश्मा लगाया ताकि।
Evaluate the student's answer. Return: marks out of 5, feedback, and evaluation_parameter.","3/5 | Parameter: आंशिक उत्तर (Partial Concept Recall) | Feedback: अच्छा प्रयास! आपने कुछ मुख्य बिंदु लिखे हैं, पर उत्तर को पूर्ण करने के लिए थोड़े और विवरण की आवश्यकता है।"
hindi,chapter_2,पाठ 2 — बचपन,चश्मा लगाने पर चचेरे भाई लेखिका को क्या कहकर चिढ़ाते थे?,"चचेरे भाई उन्हें चिढ़ाते हुए कहते थे—'आंख पर चश्मा लगाया ताकि सूझे दूर की, यह नहीं लड़की को मालूम सूरत बनी लंगूर की।'",मुझे इस प्रश्न का उत्तर नहीं पता है।,0,5,इस उत्तर में अधिक प्रयास और विषय की बेहतर समझ की आवश्यकता है।,अनुत्तरित / अपर्याप्त ज्ञान (No Attempt),"Subject: hindi
Chapter: पाठ 2 — बचपन
Question: चश्मा लगाने पर चचेरे भाई लेखिका को क्या कहकर चिढ़ाते थे?
Expected Answer: चचेरे भाई उन्हें चिढ़ाते हुए कहते थे—'आंख पर चश्मा लगाया ताकि सूझे दूर की, यह नहीं लड़की को मालूम सूरत बनी लंगूर की।'
Student Answer: मुझे इस प्रश्न का उत्तर नहीं पता है।
Evaluate the student's answer. Return: marks out of 5, feedback, and evaluation_parameter.",0/5 | Parameter: अनुत्तरित / अपर्याप्त ज्ञान (No Attempt) | Feedback: इस उत्तर में अधिक प्रयास और विषय की बेहतर समझ की आवश्यकता है।
hindi,chapter_3,पाठ 3 — नादान दोस्त,केशव और श्यामा के मन में अंडों को देखकर क्या-क्या सवाल उठते थे?,"उनके मन में सवाल उठते थे कि अंडे कितने बड़े होंगे, किस रंग के होंगे, उनमें से बच्चे कैसे निकलेंगे और वे क्या खाते होंगे।","उनके मन में सवाल उठते थे कि अंडे कितने बड़े होंगे, किस रंग के होंगे, उनमें से बच्चे कैसे निकलेंगे और वे क्या खाते होंगे।",5,5,उत्कृष्ट उत्तर! आपने प्रश्न का सही और स्पष्ट उत्तर दिया है।,पूर्ण उत्तर एवं अवधारणा स्पष्टता (Conceptual Accuracy),"Subject: hindi
Chapter: पाठ 3 — नादान दोस्त
Question: केशव और श्यामा के मन में अंडों को देखकर क्या-क्या सवाल उठते थे?
Expected Answer: उनके मन में सवाल उठते थे कि अंडे कितने बड़े होंगे, किस रंग के होंगे, उनमें से बच्चे कैसे निकलेंगे और वे क्या खाते होंगे।
Student Answer: उनके मन में सवाल उठते थे कि अंडे कितने बड़े होंगे, किस रंग के होंगे, उनमें से बच्चे कैसे निकलेंगे और वे क्या खाते होंगे।
Evaluate the student's answer. Return: marks out of 5, feedback, and evaluation_parameter.",5/5 | Parameter: पूर्ण उत्तर एवं अवधारणा स्पष्टता (Conceptual Accuracy) | Feedback: उत्कृष्ट उत्तर! आपने प्रश्न का सही और स्पष्ट उत्तर दिया है।
hindi,chapter_3,पाठ 3 — नादान दोस्त,केशव और श्यामा के मन में अंडों को देखकर क्या-क्या सवाल उठते थे?,"उनके मन में सवाल उठते थे कि अंडे कितने बड़े होंगे, किस रंग के होंगे, उनमें से बच्चे कैसे निकलेंगे और वे क्या खाते होंगे।","उनके मन में सवाल उठते थे कि अंडे कितने बड़े होंगे, किस।",3,5,"अच्छा प्रयास! आपने कुछ मुख्य बिंदु लिखे हैं, पर उत्तर को पूर्ण करने के लिए थोड़े और विवरण की आवश्यकता है।",आंशिक उत्तर (Partial Concept Recall),"Subject: hindi
Chapter: पाठ 3 — नादान दोस्त
Question: केशव और श्यामा के मन में अंडों को देखकर क्या-क्या सवाल उठते थे?
Expected Answer: उनके मन में सवाल उठते थे कि अंडे कितने बड़े होंगे, किस रंग के होंगे, उनमें से बच्चे कैसे निकलेंगे और वे क्या खाते होंगे।
Student Answer: उनके मन में सवाल उठते थे कि अंडे कितने बड़े होंगे, किस।
Evaluate the student's answer. Return: marks out of 5, feedback, and evaluation_parameter.","3/5 | Parameter: आंशिक उत्तर (Partial Concept Recall) | Feedback: अच्छा प्रयास! आपने कुछ मुख्य बिंदु लिखे हैं, पर उत्तर को पूर्ण करने के लिए थोड़े और विवरण की आवश्यकता है।"
hindi,chapter_3,पाठ 3 — नादान दोस्त,केशव और श्यामा के मन में अंडों को देखकर क्या-क्या सवाल उठते थे?,"उनके मन में सवाल उठते थे कि अंडे कितने बड़े होंगे, किस रंग के होंगे, उनमें से बच्चे कैसे निकलेंगे और वे क्या खाते होंगे।",मुझे इस प्रश्न का उत्तर नहीं पता है।,0,5,इस उत्तर में अधिक प्रयास और विषय की बेहतर समझ की आवश्यकता है।,अनुत्तरित / अपर्याप्त ज्ञान (No Attempt),"Subject: hindi
Chapter: पाठ 3 — नादान दोस्त
Question: केशव और श्यामा के मन में अंडों को देखकर क्या-क्या सवाल उठते थे?
Expected Answer: उनके मन में सवाल उठते थे कि अंडे कितने बड़े होंगे, किस रंग के होंगे, उनमें से बच्चे कैसे निकलेंगे और वे क्या खाते होंगे।
Student Answer: मुझे इस प्रश्न का उत्तर नहीं पता है।
Evaluate the student's answer. Return: marks out of 5, feedback, and evaluation_parameter.",0/5 | Parameter: अनुत्तरित / अपर्याप्त ज्ञान (No Attempt) | Feedback: इस उत्तर में अधिक प्रयास और विषय की बेहतर समझ की आवश्यकता है।
hindi,chapter_3,पाठ 3 — नादान दोस्त,केशव ने अंडों की सुरक्षा के लिए क्या-क्या उपाय किए?,"केशव ने अंडों के नीचे कपड़े की गद्दी बिछाई, धूप से बचाने के लिए टोकरी की छत बनाई और दाना-पानी कार्निस पर रख दिया।","केशव ने अंडों के नीचे कपड़े की गद्दी बिछाई, धूप से बचाने के लिए टोकरी की छत बनाई और दाना-पानी कार्निस पर रख दिया।",5,5,उत्कृष्ट उत्तर! आपने प्रश्न का सही और स्पष्ट उत्तर दिया है।,पूर्ण उत्तर एवं अवधारणा स्पष्टता (Conceptual Accuracy),"Subject: hindi
Chapter: पाठ 3 — नादान दोस्त
Question: केशव ने अंडों की सुरक्षा के लिए क्या-क्या उपाय किए?
Expected Answer: केशव ने अंडों के नीचे कपड़े की गद्दी बिछाई, धूप से बचाने के लिए टोकरी की छत बनाई और दाना-पानी कार्निस पर रख दिया।
Student Answer: केशव ने अंडों के नीचे कपड़े की गद्दी बिछाई, धूप से बचाने के लिए टोकरी की छत बनाई और दाना-पानी कार्निस पर रख दिया।
Evaluate the student's answer. Return: marks out of 5, feedback, and evaluation_parameter.",5/5 | Parameter: पूर्ण उत्तर एवं अवधारणा स्पष्टता (Conceptual Accuracy) | Feedback: उत्कृष्ट उत्तर! आपने प्रश्न का सही और स्पष्ट उत्तर दिया है।
hindi,chapter_3,पाठ 3 — नादान दोस्त,केशव ने अंडों की सुरक्षा के लिए क्या-क्या उपाय किए?,"केशव ने अंडों के नीचे कपड़े की गद्दी बिछाई, धूप से बचाने के लिए टोकरी की छत बनाई और दाना-पानी कार्निस पर रख दिया।","केशव ने अंडों के नीचे कपड़े की गद्दी बिछाई, धूप से बचाने।",3,5,"अच्छा प्रयास! आपने कुछ मुख्य बिंदु लिखे हैं, पर उत्तर को पूर्ण करने के लिए थोड़े और विवरण की आवश्यकता है।",आंशिक उत्तर (Partial Concept Recall),"Subject: hindi
Chapter: पाठ 3 — नादान दोस्त
Question: केशव ने अंडों की सुरक्षा के लिए क्या-क्या उपाय किए?
Expected Answer: केशव ने अंडों के नीचे कपड़े की गद्दी बिछाई, धूप से बचाने के लिए टोकरी की छत बनाई और दाना-पानी कार्निस पर रख दिया।
Student Answer: केशव ने अंडों के नीचे कपड़े की गद्दी बिछाई, धूप से बचाने।
Evaluate the student's answer. Return: marks out of 5, feedback, and evaluation_parameter.","3/5 | Parameter: आंशिक उत्तर (Partial Concept Recall) | Feedback: अच्छा प्रयास! आपने कुछ मुख्य बिंदु लिखे हैं, पर उत्तर को पूर्ण करने के लिए थोड़े और विवरण की आवश्यकता है।"
hindi,chapter_3,पाठ 3 — नादान दोस्त,केशव ने अंडों की सुरक्षा के लिए क्या-क्या उपाय किए?,"केशव ने अंडों के नीचे कपड़े की गद्दी बिछाई, धूप से बचाने के लिए टोकरी की छत बनाई और दाना-पानी कार्निस पर रख दिया।",मुझे इस प्रश्न का उत्तर नहीं पता है।,0,5,इस उत्तर में अधिक प्रयास और विषय की बेहतर समझ की आवश्यकता है।,अनुत्तरित / अपर्याप्त ज्ञान (No Attempt),"Subject: hindi
Chapter: पाठ 3 — नादान दोस्त
Question: केशव ने अंडों की सुरक्षा के लिए क्या-क्या उपाय किए?
Expected Answer: केशव ने अंडों के नीचे कपड़े की गद्दी बिछाई, धूप से बचाने के लिए टोकरी की छत बनाई और दाना-पानी कार्निस पर रख दिया।
Student Answer: मुझे इस प्रश्न का उत्तर नहीं पता है।
Evaluate the student's answer. Return: marks out of 5, feedback, and evaluation_parameter.",0/5 | Parameter: अनुत्तरित / अपर्याप्त ज्ञान (No Attempt) | Feedback: इस उत्तर में अधिक प्रयास और विषय की बेहतर समझ की आवश्यकता है।
hindi,chapter_3,पाठ 3 — नादान दोस्त,अंडे नीचे गिरकर क्यों टूट गए?,"केशव के छूने से चिड़िया के अंडे गंदे हो गए थे, इसलिए चिड़िया ने उन्हें गंदा समझकर घोंसले से नीचे गिरा दिया।","केशव के छूने से चिड़िया के अंडे गंदे हो गए थे, इसलिए चिड़िया ने उन्हें गंदा समझकर घोंसले से नीचे गिरा दिया।",5,5,उत्कृष्ट उत्तर! आपने प्रश्न का सही और स्पष्ट उत्तर दिया है।,पूर्ण उत्तर एवं अवधारणा स्पष्टता (Conceptual Accuracy),"Subject: hindi
Chapter: पाठ 3 — नादान दोस्त
Question: अंडे नीचे गिरकर क्यों टूट गए?
Expected Answer: केशव के छूने से चिड़िया के अंडे गंदे हो गए थे, इसलिए चिड़िया ने उन्हें गंदा समझकर घोंसले से नीचे गिरा दिया।
Student Answer: केशव के छूने से चिड़िया के अंडे गंदे हो गए थे, इसलिए चिड़िया ने उन्हें गंदा समझकर घोंसले से नीचे गिरा दिया।
Evaluate the student's answer. Return: marks out of 5, feedback, and evaluation_parameter.",5/5 | Parameter: पूर्ण उत्तर एवं अवधारणा स्पष्टता (Conceptual Accuracy) | Feedback: उत्कृष्ट उत्तर! आपने प्रश्न का सही और स्पष्ट उत्तर दिया है।
hindi,chapter_3,पाठ 3 — नादान दोस्त,अंडे नीचे गिरकर क्यों टूट गए?,"केशव के छूने से चिड़िया के अंडे गंदे हो गए थे, इसलिए चिड़िया ने उन्हें गंदा समझकर घोंसले से नीचे गिरा दिया।","केशव के छूने से चिड़िया के अंडे गंदे हो गए थे,।",3,5,"अच्छा प्रयास! आपने कुछ मुख्य बिंदु लिखे हैं, पर उत्तर को पूर्ण करने के लिए थोड़े और विवरण की आवश्यकता है।",आंशिक उत्तर (Partial Concept Recall),"Subject: hindi
Chapter: पाठ 3 — नादान दोस्त
Question: अंडे नीचे गिरकर क्यों टूट गए?
Expected Answer: केशव के छूने से चिड़िया के अंडे गंदे हो गए थे, इसलिए चिड़िया ने उन्हें गंदा समझकर घोंसले से नीचे गिरा दिया।
Student Answer: केशव के छूने से चिड़िया के अंडे गंदे हो गए थे,।
Evaluate the student's answer. Return: marks out of 5, feedback, and evaluation_parameter.","3/5 | Parameter: आंशिक उत्तर (Partial Concept Recall) | Feedback: अच्छा प्रयास! आपने कुछ मुख्य बिंदु लिखे हैं, पर उत्तर को पूर्ण करने के लिए थोड़े और विवरण की आवश्यकता है।"
hindi,chapter_3,पाठ 3 — नादान दोस्त,अंडे नीचे गिरकर क्यों टूट गए?,"केशव के छूने से चिड़िया के अंडे गंदे हो गए थे, इसलिए चिड़िया ने उन्हें गंदा समझकर घोंसले से नीचे गिरा दिया।",मुझे इस प्रश्न का उत्तर नहीं पता है।,0,5,इस उत्तर में अधिक प्रयास और विषय की बेहतर समझ की आवश्यकता है।,अनुत्तरित / अपर्याप्त ज्ञान (No Attempt),"Subject: hindi
Chapter: पाठ 3 — नादान दोस्त
Question: अंडे नीचे गिरकर क्यों टूट गए?
Expected Answer: केशव के छूने से चिड़िया के अंडे गंदे हो गए थे, इसलिए चिड़िया ने उन्हें गंदा समझकर घोंसले से नीचे गिरा दिया।
Student Answer: मुझे इस प्रश्न का उत्तर नहीं पता है।
Evaluate the student's answer. Return: marks out of 5, feedback, and evaluation_parameter.",0/5 | Parameter: अनुत्तरित / अपर्याप्त ज्ञान (No Attempt) | Feedback: इस उत्तर में अधिक प्रयास और विषय की बेहतर समझ की आवश्यकता है।
hindi,chapter_4,पाठ 4 — चाँद से थोड़ी सी गप्पें,लड़की चाँद से क्या बातें करती है?,लड़की चाँद से कहती है कि आप गोल हैं पर तिरछे नज़र आते हैं और आपने आकाश रूपी तारों जड़ा वस्त्र पहन रखा है।,लड़की चाँद से कहती है कि आप गोल हैं पर तिरछे नज़र आते हैं और आपने आकाश रूपी तारों जड़ा वस्त्र पहन रखा है।,5,5,उत्कृष्ट उत्तर! आपने प्रश्न का सही और स्पष्ट उत्तर दिया है।,पूर्ण उत्तर एवं अवधारणा स्पष्टता (Conceptual Accuracy),"Subject: hindi
Chapter: पाठ 4 — चाँद से थोड़ी सी गप्पें
Question: लड़की चाँद से क्या बातें करती है?
Expected Answer: लड़की चाँद से कहती है कि आप गोल हैं पर तिरछे नज़र आते हैं और आपने आकाश रूपी तारों जड़ा वस्त्र पहन रखा है।
Student Answer: लड़की चाँद से कहती है कि आप गोल हैं पर तिरछे नज़र आते हैं और आपने आकाश रूपी तारों जड़ा वस्त्र पहन रखा है।
Evaluate the student's answer. Return: marks out of 5, feedback, and evaluation_parameter.",5/5 | Parameter: पूर्ण उत्तर एवं अवधारणा स्पष्टता (Conceptual Accuracy) | Feedback: उत्कृष्ट उत्तर! आपने प्रश्न का सही और स्पष्ट उत्तर दिया है।
hindi,chapter_4,पाठ 4 — चाँद से थोड़ी सी गप्पें,लड़की चाँद से क्या बातें करती है?,लड़की चाँद से कहती है कि आप गोल हैं पर तिरछे नज़र आते हैं और आपने आकाश रूपी तारों जड़ा वस्त्र पहन रखा है।,लड़की चाँद से कहती है कि आप गोल हैं पर तिरछे नज़र।,3,5,"अच्छा प्रयास! आपने कुछ मुख्य बिंदु लिखे हैं, पर उत्तर को पूर्ण करने के लिए थोड़े और विवरण की आवश्यकता है।",आंशिक उत्तर (Partial Concept Recall),"Subject: hindi
Chapter: पाठ 4 — चाँद से थोड़ी सी गप्पें
Question: लड़की चाँद से क्या बातें करती है?
Expected Answer: लड़की चाँद से कहती है कि आप गोल हैं पर तिरछे नज़र आते हैं और आपने आकाश रूपी तारों जड़ा वस्त्र पहन रखा है।
Student Answer: लड़की चाँद से कहती है कि आप गोल हैं पर तिरछे नज़र।
Evaluate the student's answer. Return: marks out of 5, feedback, and evaluation_parameter.","3/5 | Parameter: आंशिक उत्तर (Partial Concept Recall) | Feedback: अच्छा प्रयास! आपने कुछ मुख्य बिंदु लिखे हैं, पर उत्तर को पूर्ण करने के लिए थोड़े और विवरण की आवश्यकता है।"
hindi,chapter_4,पाठ 4 — चाँद से थोड़ी सी गप्पें,लड़की चाँद से क्या बातें करती है?,लड़की चाँद से कहती है कि आप गोल हैं पर तिरछे नज़र आते हैं और आपने आकाश रूपी तारों जड़ा वस्त्र पहन रखा है।,मुझे इस प्रश्न का उत्तर नहीं पता है।,0,5,इस उत्तर में अधिक प्रयास और विषय की बेहतर समझ की आवश्यकता है।,अनुत्तरित / अपर्याप्त ज्ञान (No Attempt),"Subject: hindi
Chapter: पाठ 4 — चाँद से थोड़ी सी गप्पें
Question: लड़की चाँद से क्या बातें करती है?
Expected Answer: लड़की चाँद से कहती है कि आप गोल हैं पर तिरछे नज़र आते हैं और आपने आकाश रूपी तारों जड़ा वस्त्र पहन रखा है।
Student Answer: मुझे इस प्रश्न का उत्तर नहीं पता है।
Evaluate the student's answer. Return: marks out of 5, feedback, and evaluation_parameter.",0/5 | Parameter: अनुत्तरित / अपर्याप्त ज्ञान (No Attempt) | Feedback: इस उत्तर में अधिक प्रयास और विषय की बेहतर समझ की आवश्यकता है।
hindi,chapter_4,पाठ 4 — चाँद से थोड़ी सी गप्पें,चाँद की घटती-बढ़ती कला को लड़की क्या बीमारी मानती है?,"लड़की मानती है कि घटते हैं तो घटते ही चले जाते हैं और बढ़ते हैं तो बिल्कुल गोल होने तक बढ़ते ही रहते हैं, यह उनकी एक बीमारी है।","लड़की मानती है कि घटते हैं तो घटते ही चले जाते हैं और बढ़ते हैं तो बिल्कुल गोल होने तक बढ़ते ही रहते हैं, यह उनकी एक बीमारी है।",5,5,उत्कृष्ट उत्तर! आपने प्रश्न का सही और स्पष्ट उत्तर दिया है।,पूर्ण उत्तर एवं अवधारणा स्पष्टता (Conceptual Accuracy),"Subject: hindi
Chapter: पाठ 4 — चाँद से थोड़ी सी गप्पें
Question: चाँद की घटती-बढ़ती कला को लड़की क्या बीमारी मानती है?
Expected Answer: लड़की मानती है कि घटते हैं तो घटते ही चले जाते हैं और बढ़ते हैं तो बिल्कुल गोल होने तक बढ़ते ही रहते हैं, यह उनकी एक बीमारी है।
Student Answer: लड़की मानती है कि घटते हैं तो घटते ही चले जाते हैं और बढ़ते हैं तो बिल्कुल गोल होने तक बढ़ते ही रहते हैं, यह उनकी एक बीमारी है।
Evaluate the student's answer. Return: marks out of 5, feedback, and evaluation_parameter.",5/5 | Parameter: पूर्ण उत्तर एवं अवधारणा स्पष्टता (Conceptual Accuracy) | Feedback: उत्कृष्ट उत्तर! आपने प्रश्न का सही और स्पष्ट उत्तर दिया है।
hindi,chapter_4,पाठ 4 — चाँद से थोड़ी सी गप्पें,चाँद की घटती-बढ़ती कला को लड़की क्या बीमारी मानती है?,"लड़की मानती है कि घटते हैं तो घटते ही चले जाते हैं और बढ़ते हैं तो बिल्कुल गोल होने तक बढ़ते ही रहते हैं, यह उनकी एक बीमारी है।",लड़की मानती है कि घटते हैं तो घटते ही चले जाते हैं और बढ़ते।,3,5,"अच्छा प्रयास! आपने कुछ मुख्य बिंदु लिखे हैं, पर उत्तर को पूर्ण करने के लिए थोड़े और विवरण की आवश्यकता है।",आंशिक उत्तर (Partial Concept Recall),"Subject: hindi
Chapter: पाठ 4 — चाँद से थोड़ी सी गप्पें
Question: चाँद की घटती-बढ़ती कला को लड़की क्या बीमारी मानती है?
Expected Answer: लड़की मानती है कि घटते हैं तो घटते ही चले जाते हैं और बढ़ते हैं तो बिल्कुल गोल होने तक बढ़ते ही रहते हैं, यह उनकी एक बीमारी है।
Student Answer: लड़की मानती है कि घटते हैं तो घटते ही चले जाते हैं और बढ़ते।
Evaluate the student's answer. Return: marks out of 5, feedback, and evaluation_parameter.","3/5 | Parameter: आंशिक उत्तर (Partial Concept Recall) | Feedback: अच्छा प्रयास! आपने कुछ मुख्य बिंदु लिखे हैं, पर उत्तर को पूर्ण करने के लिए थोड़े और विवरण की आवश्यकता है।"
hindi,chapter_4,पाठ 4 — चाँद से थोड़ी सी गप्पें,चाँद की घटती-बढ़ती कला को लड़की क्या बीमारी मानती है?,"लड़की मानती है कि घटते हैं तो घटते ही चले जाते हैं और बढ़ते हैं तो बिल्कुल गोल होने तक बढ़ते ही रहते हैं, यह उनकी एक बीमारी है।",मुझे इस प्रश्न का उत्तर नहीं पता है।,0,5,इस उत्तर में अधिक प्रयास और विषय की बेहतर समझ की आवश्यकता है।,अनुत्तरित / अपर्याप्त ज्ञान (No Attempt),"Subject: hindi
Chapter: पाठ 4 — चाँद से थोड़ी सी गप्पें
Question: चाँद की घटती-बढ़ती कला को लड़की क्या बीमारी मानती है?
Expected Answer: लड़की मानती है कि घटते हैं तो घटते ही चले जाते हैं और बढ़ते हैं तो बिल्कुल गोल होने तक बढ़ते ही रहते हैं, यह उनकी एक बीमारी है।
Student Answer: मुझे इस प्रश्न का उत्तर नहीं पता है।
Evaluate the student's answer. Return: marks out of 5, feedback, and evaluation_parameter.",0/5 | Parameter: अनुत्तरित / अपर्याप्त ज्ञान (No Attempt) | Feedback: इस उत्तर में अधिक प्रयास और विषय की बेहतर समझ की आवश्यकता है।
hindi,chapter_5,पाठ 5 — अक्षरों का महत्व,अक्षरों की खोज का क्या महत्व है?,"अक्षरों की खोज के बाद ही मनुष्य ने अपने विचारों और इतिहास को लिखना शुरू किया, जिससे मानव सभ्यता का विकास हुआ।","अक्षरों की खोज के बाद ही मनुष्य ने अपने विचारों और इतिहास को लिखना शुरू किया, जिससे मानव सभ्यता का विकास हुआ।",5,5,उत्कृष्ट उत्तर! आपने प्रश्न का सही और स्पष्ट उत्तर दिया है।,पूर्ण उत्तर एवं अवधारणा स्पष्टता (Conceptual Accuracy),"Subject: hindi
Chapter: पाठ 5 — अक्षरों का महत्व
Question: अक्षरों की खोज का क्या महत्व है?
Expected Answer: अक्षरों की खोज के बाद ही मनुष्य ने अपने विचारों और इतिहास को लिखना शुरू किया, जिससे मानव सभ्यता का विकास हुआ।
Student Answer: अक्षरों की खोज के बाद ही मनुष्य ने अपने विचारों और इतिहास को लिखना शुरू किया, जिससे मानव सभ्यता का विकास हुआ।
Evaluate the student's answer. Return: marks out of 5, feedback, and evaluation_parameter.",5/5 | Parameter: पूर्ण उत्तर एवं अवधारणा स्पष्टता (Conceptual Accuracy) | Feedback: उत्कृष्ट उत्तर! आपने प्रश्न का सही और स्पष्ट उत्तर दिया है।
hindi,chapter_5,पाठ 5 — अक्षरों का महत्व,अक्षरों की खोज का क्या महत्व है?,"अक्षरों की खोज के बाद ही मनुष्य ने अपने विचारों और इतिहास को लिखना शुरू किया, जिससे मानव सभ्यता का विकास हुआ।",अक्षरों की खोज के बाद ही मनुष्य ने अपने विचारों और।,3,5,"अच्छा प्रयास! आपने कुछ मुख्य बिंदु लिखे हैं, पर उत्तर को पूर्ण करने के लिए थोड़े और विवरण की आवश्यकता है।",आंशिक उत्तर (Partial Concept Recall),"Subject: hindi
Chapter: पाठ 5 — अक्षरों का महत्व
Question: अक्षरों की खोज का क्या महत्व है?
Expected Answer: अक्षरों की खोज के बाद ही मनुष्य ने अपने विचारों और इतिहास को लिखना शुरू किया, जिससे मानव सभ्यता का विकास हुआ।
Student Answer: अक्षरों की खोज के बाद ही मनुष्य ने अपने विचारों और।
Evaluate the student's answer. Return: marks out of 5, feedback, and evaluation_parameter.","3/5 | Parameter: आंशिक उत्तर (Partial Concept Recall) | Feedback: अच्छा प्रयास! आपने कुछ मुख्य बिंदु लिखे हैं, पर उत्तर को पूर्ण करने के लिए थोड़े और विवरण की आवश्यकता है।"
hindi,chapter_5,पाठ 5 — अक्षरों का महत्व,अक्षरों की खोज का क्या महत्व है?,"अक्षरों की खोज के बाद ही मनुष्य ने अपने विचारों और इतिहास को लिखना शुरू किया, जिससे मानव सभ्यता का विकास हुआ।",मुझे इस प्रश्न का उत्तर नहीं पता है।,0,5,इस उत्तर में अधिक प्रयास और विषय की बेहतर समझ की आवश्यकता है।,अनुत्तरित / अपर्याप्त ज्ञान (No Attempt),"Subject: hindi
Chapter: पाठ 5 — अक्षरों का महत्व
Question: अक्षरों की खोज का क्या महत्व है?
Expected Answer: अक्षरों की खोज के बाद ही मनुष्य ने अपने विचारों और इतिहास को लिखना शुरू किया, जिससे मानव सभ्यता का विकास हुआ।
Student Answer: मुझे इस प्रश्न का उत्तर नहीं पता है।
Evaluate the student's answer. Return: marks out of 5, feedback, and evaluation_parameter.",0/5 | Parameter: अनुत्तरित / अपर्याप्त ज्ञान (No Attempt) | Feedback: इस उत्तर में अधिक प्रयास और विषय की बेहतर समझ की आवश्यकता है।
hindi,chapter_5,पाठ 5 — अक्षरों का महत्व,अक्षरों की खोज से पहले मनुष्य अपनी बात दूसरों तक कैसे पहुँचाता था?,"मनुष्य पशु-पक्षियों, आदमियों और संकेतों के चित्र बनाकर अपनी बात दूसरों तक पहुँचाता था।","मनुष्य पशु-पक्षियों, आदमियों और संकेतों के चित्र बनाकर अपनी बात दूसरों तक पहुँचाता था।",5,5,उत्कृष्ट उत्तर! आपने प्रश्न का सही और स्पष्ट उत्तर दिया है।,पूर्ण उत्तर एवं अवधारणा स्पष्टता (Conceptual Accuracy),"Subject: hindi
Chapter: पाठ 5 — अक्षरों का महत्व
Question: अक्षरों की खोज से पहले मनुष्य अपनी बात दूसरों तक कैसे पहुँचाता था?
Expected Answer: मनुष्य पशु-पक्षियों, आदमियों और संकेतों के चित्र बनाकर अपनी बात दूसरों तक पहुँचाता था।
Student Answer: मनुष्य पशु-पक्षियों, आदमियों और संकेतों के चित्र बनाकर अपनी बात दूसरों तक पहुँचाता था।
Evaluate the student's answer. Return: marks out of 5, feedback, and evaluation_parameter.",5/5 | Parameter: पूर्ण उत्तर एवं अवधारणा स्पष्टता (Conceptual Accuracy) | Feedback: उत्कृष्ट उत्तर! आपने प्रश्न का सही और स्पष्ट उत्तर दिया है।
hindi,chapter_5,पाठ 5 — अक्षरों का महत्व,अक्षरों की खोज से पहले मनुष्य अपनी बात दूसरों तक कैसे पहुँचाता था?,"मनुष्य पशु-पक्षियों, आदमियों और संकेतों के चित्र बनाकर अपनी बात दूसरों तक पहुँचाता था।","मनुष्य पशु-पक्षियों, आदमियों और संकेतों के चित्र।",3,5,"अच्छा प्रयास! आपने कुछ मुख्य बिंदु लिखे हैं, पर उत्तर को पूर्ण करने के लिए थोड़े और विवरण की आवश्यकता है।",आंशिक उत्तर (Partial Concept Recall),"Subject: hindi
Chapter: पाठ 5 — अक्षरों का महत्व
Question: अक्षरों की खोज से पहले मनुष्य अपनी बात दूसरों तक कैसे पहुँचाता था?
Expected Answer: मनुष्य पशु-पक्षियों, आदमियों और संकेतों के चित्र बनाकर अपनी बात दूसरों तक पहुँचाता था।
Student Answer: मनुष्य पशु-पक्षियों, आदमियों और संकेतों के चित्र।
Evaluate the student's answer. Return: marks out of 5, feedback, and evaluation_parameter.","3/5 | Parameter: आंशिक उत्तर (Partial Concept Recall) | Feedback: अच्छा प्रयास! आपने कुछ मुख्य बिंदु लिखे हैं, पर उत्तर को पूर्ण करने के लिए थोड़े और विवरण की आवश्यकता है।"
hindi,chapter_5,पाठ 5 — अक्षरों का महत्व,अक्षरों की खोज से पहले मनुष्य अपनी बात दूसरों तक कैसे पहुँचाता था?,"मनुष्य पशु-पक्षियों, आदमियों और संकेतों के चित्र बनाकर अपनी बात दूसरों तक पहुँचाता था।",मुझे इस प्रश्न का उत्तर नहीं पता है।,0,5,इस उत्तर में अधिक प्रयास और विषय की बेहतर समझ की आवश्यकता है।,अनुत्तरित / अपर्याप्त ज्ञान (No Attempt),"Subject: hindi
Chapter: पाठ 5 — अक्षरों का महत्व
Question: अक्षरों की खोज से पहले मनुष्य अपनी बात दूसरों तक कैसे पहुँचाता था?
Expected Answer: मनुष्य पशु-पक्षियों, आदमियों और संकेतों के चित्र बनाकर अपनी बात दूसरों तक पहुँचाता था।
Student Answer: मुझे इस प्रश्न का उत्तर नहीं पता है।
Evaluate the student's answer. Return: marks out of 5, feedback, and evaluation_parameter.",0/5 | Parameter: अनुत्तरित / अपर्याप्त ज्ञान (No Attempt) | Feedback: इस उत्तर में अधिक प्रयास और विषय की बेहतर समझ की आवश्यकता है।
hindi,chapter_6,पाठ 6 — पार नज़र के,छोटू का परिवार कहाँ रहता था?,छोटू का परिवार मंगल ग्रह पर ज़मीन के नीचे बनी एक सुरंगनुमा कॉलोनी में रहता था।,छोटू का परिवार मंगल ग्रह पर ज़मीन के नीचे बनी एक सुरंगनुमा कॉलोनी में रहता था।,5,5,उत्कृष्ट उत्तर! आपने प्रश्न का सही और स्पष्ट उत्तर दिया है।,पूर्ण उत्तर एवं अवधारणा स्पष्टता (Conceptual Accuracy),"Subject: hindi
Chapter: पाठ 6 — पार नज़र के
Question: छोटू का परिवार कहाँ रहता था?
Expected Answer: छोटू का परिवार मंगल ग्रह पर ज़मीन के नीचे बनी एक सुरंगनुमा कॉलोनी में रहता था।
Student Answer: छोटू का परिवार मंगल ग्रह पर ज़मीन के नीचे बनी एक सुरंगनुमा कॉलोनी में रहता था।
Evaluate the student's answer. Return: marks out of 5, feedback, and evaluation_parameter.",5/5 | Parameter: पूर्ण उत्तर एवं अवधारणा स्पष्टता (Conceptual Accuracy) | Feedback: उत्कृष्ट उत्तर! आपने प्रश्न का सही और स्पष्ट उत्तर दिया है।
hindi,chapter_6,पाठ 6 — पार नज़र के,छोटू का परिवार कहाँ रहता था?,छोटू का परिवार मंगल ग्रह पर ज़मीन के नीचे बनी एक सुरंगनुमा कॉलोनी में रहता था।,छोटू का परिवार मंगल ग्रह पर ज़मीन के।,3,5,"अच्छा प्रयास! आपने कुछ मुख्य बिंदु लिखे हैं, पर उत्तर को पूर्ण करने के लिए थोड़े और विवरण की आवश्यकता है।",आंशिक उत्तर (Partial Concept Recall),"Subject: hindi
Chapter: पाठ 6 — पार नज़र के
Question: छोटू का परिवार कहाँ रहता था?
Expected Answer: छोटू का परिवार मंगल ग्रह पर ज़मीन के नीचे बनी एक सुरंगनुमा कॉलोनी में रहता था।
Student Answer: छोटू का परिवार मंगल ग्रह पर ज़मीन के।
Evaluate the student's answer. Return: marks out of 5, feedback, and evaluation_parameter.","3/5 | Parameter: आंशिक उत्तर (Partial Concept Recall) | Feedback: अच्छा प्रयास! आपने कुछ मुख्य बिंदु लिखे हैं, पर उत्तर को पूर्ण करने के लिए थोड़े और विवरण की आवश्यकता है।"
hindi,chapter_6,पाठ 6 — पार नज़र के,छोटू का परिवार कहाँ रहता था?,छोटू का परिवार मंगल ग्रह पर ज़मीन के नीचे बनी एक सुरंगनुमा कॉलोनी में रहता था।,मुझे इस प्रश्न का उत्तर नहीं पता है।,0,5,इस उत्तर में अधिक प्रयास और विषय की बेहतर समझ की आवश्यकता है।,अनुत्तरित / अपर्याप्त ज्ञान (No Attempt),"Subject: hindi
Chapter: पाठ 6 — पार नज़र के
Question: छोटू का परिवार कहाँ रहता था?
Expected Answer: छोटू का परिवार मंगल ग्रह पर ज़मीन के नीचे बनी एक सुरंगनुमा कॉलोनी में रहता था।
Student Answer: मुझे इस प्रश्न का उत्तर नहीं पता है।
Evaluate the student's answer. Return: marks out of 5, feedback, and evaluation_parameter.",0/5 | Parameter: अनुत्तरित / अपर्याप्त ज्ञान (No Attempt) | Feedback: इस उत्तर में अधिक प्रयास और विषय की बेहतर समझ की आवश्यकता है।
hindi,chapter_6,पाठ 6 — पार नज़र के,छोटू को सुरंग में जाने की इजाज़त क्यों नहीं थी?,सुरंग में आम लोगों का जाना मना था क्योंकि वहाँ जाने के लिए खास स्पेस सूट और प्रशिक्षण की आवश्यकता होती थी।,सुरंग में आम लोगों का जाना मना था क्योंकि वहाँ जाने के लिए खास स्पेस सूट और प्रशिक्षण की आवश्यकता होती थी।,5,5,उत्कृष्ट उत्तर! आपने प्रश्न का सही और स्पष्ट उत्तर दिया है।,पूर्ण उत्तर एवं अवधारणा स्पष्टता (Conceptual Accuracy),"Subject: hindi
Chapter: पाठ 6 — पार नज़र के
Question: छोटू को सुरंग में जाने की इजाज़त क्यों नहीं थी?
Expected Answer: सुरंग में आम लोगों का जाना मना था क्योंकि वहाँ जाने के लिए खास स्पेस सूट और प्रशिक्षण की आवश्यकता होती थी।
Student Answer: सुरंग में आम लोगों का जाना मना था क्योंकि वहाँ जाने के लिए खास स्पेस सूट और प्रशिक्षण की आवश्यकता होती थी।
Evaluate the student's answer. Return: marks out of 5, feedback, and evaluation_parameter.",5/5 | Parameter: पूर्ण उत्तर एवं अवधारणा स्पष्टता (Conceptual Accuracy) | Feedback: उत्कृष्ट उत्तर! आपने प्रश्न का सही और स्पष्ट उत्तर दिया है।
hindi,chapter_6,पाठ 6 — पार नज़र के,छोटू को सुरंग में जाने की इजाज़त क्यों नहीं थी?,सुरंग में आम लोगों का जाना मना था क्योंकि वहाँ जाने के लिए खास स्पेस सूट और प्रशिक्षण की आवश्यकता होती थी।,सुरंग में आम लोगों का जाना मना था क्योंकि वहाँ जाने।,3,5,"अच्छा प्रयास! आपने कुछ मुख्य बिंदु लिखे हैं, पर उत्तर को पूर्ण करने के लिए थोड़े और विवरण की आवश्यकता है।",आंशिक उत्तर (Partial Concept Recall),"Subject: hindi
Chapter: पाठ 6 — पार नज़र के
Question: छोटू को सुरंग में जाने की इजाज़त क्यों नहीं थी?
Expected Answer: सुरंग में आम लोगों का जाना मना था क्योंकि वहाँ जाने के लिए खास स्पेस सूट और प्रशिक्षण की आवश्यकता होती थी।
Student Answer: सुरंग में आम लोगों का जाना मना था क्योंकि वहाँ जाने।
Evaluate the student's answer. Return: marks out of 5, feedback, and evaluation_parameter.","3/5 | Parameter: आंशिक उत्तर (Partial Concept Recall) | Feedback: अच्छा प्रयास! आपने कुछ मुख्य बिंदु लिखे हैं, पर उत्तर को पूर्ण करने के लिए थोड़े और विवरण की आवश्यकता है।"
hindi,chapter_6,पाठ 6 — पार नज़र के,छोटू को सुरंग में जाने की इजाज़त क्यों नहीं थी?,सुरंग में आम लोगों का जाना मना था क्योंकि वहाँ जाने के लिए खास स्पेस सूट और प्रशिक्षण की आवश्यकता होती थी।,मुझे इस प्रश्न का उत्तर नहीं पता है।,0,5,इस उत्तर में अधिक प्रयास और विषय की बेहतर समझ की आवश्यकता है।,अनुत्तरित / अपर्याप्त ज्ञान (No Attempt),"Subject: hindi
Chapter: पाठ 6 — पार नज़र के
Question: छोटू को सुरंग में जाने की इजाज़त क्यों नहीं थी?
Expected Answer: सुरंग में आम लोगों का जाना मना था क्योंकि वहाँ जाने के लिए खास स्पेस सूट और प्रशिक्षण की आवश्यकता होती थी।
Student Answer: मुझे इस प्रश्न का उत्तर नहीं पता है।
Evaluate the student's answer. Return: marks out of 5, feedback, and evaluation_parameter.",0/5 | Parameter: अनुत्तरित / अपर्याप्त ज्ञान (No Attempt) | Feedback: इस उत्तर में अधिक प्रयास और विषय की बेहतर समझ की आवश्यकता है।
hindi,chapter_7,पाठ 7 — साथी हाथ बढ़ाना,गीत 'साथी हाथ बढ़ाना' में एक-एक कतरा और राई के मिलने से क्या बनता है?,एक-एक कतरा मिलने से दरिया बनता है और एक-एक राई का दाना मिलने से पर्वत बन सकता है।,एक-एक कतरा मिलने से दरिया बनता है और एक-एक राई का दाना मिलने से पर्वत बन सकता है।,5,5,उत्कृष्ट उत्तर! आपने प्रश्न का सही और स्पष्ट उत्तर दिया है।,पूर्ण उत्तर एवं अवधारणा स्पष्टता (Conceptual Accuracy),"Subject: hindi
Chapter: पाठ 7 — साथी हाथ बढ़ाना
Question: गीत 'साथी हाथ बढ़ाना' में एक-एक कतरा और राई के मिलने से क्या बनता है?
Expected Answer: एक-एक कतरा मिलने से दरिया बनता है और एक-एक राई का दाना मिलने से पर्वत बन सकता है।
Student Answer: एक-एक कतरा मिलने से दरिया बनता है और एक-एक राई का दाना मिलने से पर्वत बन सकता है।
Evaluate the student's answer. Return: marks out of 5, feedback, and evaluation_parameter.",5/5 | Parameter: पूर्ण उत्तर एवं अवधारणा स्पष्टता (Conceptual Accuracy) | Feedback: उत्कृष्ट उत्तर! आपने प्रश्न का सही और स्पष्ट उत्तर दिया है।
hindi,chapter_7,पाठ 7 — साथी हाथ बढ़ाना,गीत 'साथी हाथ बढ़ाना' में एक-एक कतरा और राई के मिलने से क्या बनता है?,एक-एक कतरा मिलने से दरिया बनता है और एक-एक राई का दाना मिलने से पर्वत बन सकता है।,एक-एक कतरा मिलने से दरिया बनता है और एक-एक।,3,5,"अच्छा प्रयास! आपने कुछ मुख्य बिंदु लिखे हैं, पर उत्तर को पूर्ण करने के लिए थोड़े और विवरण की आवश्यकता है।",आंशिक उत्तर (Partial Concept Recall),"Subject: hindi
Chapter: पाठ 7 — साथी हाथ बढ़ाना
Question: गीत 'साथी हाथ बढ़ाना' में एक-एक कतरा और राई के मिलने से क्या बनता है?
Expected Answer: एक-एक कतरा मिलने से दरिया बनता है और एक-एक राई का दाना मिलने से पर्वत बन सकता है।
Student Answer: एक-एक कतरा मिलने से दरिया बनता है और एक-एक।
Evaluate the student's answer. Return: marks out of 5, feedback, and evaluation_parameter.","3/5 | Parameter: आंशिक उत्तर (Partial Concept Recall) | Feedback: अच्छा प्रयास! आपने कुछ मुख्य बिंदु लिखे हैं, पर उत्तर को पूर्ण करने के लिए थोड़े और विवरण की आवश्यकता है।"
hindi,chapter_7,पाठ 7 — साथी हाथ बढ़ाना,गीत 'साथी हाथ बढ़ाना' में एक-एक कतरा और राई के मिलने से क्या बनता है?,एक-एक कतरा मिलने से दरिया बनता है और एक-एक राई का दाना मिलने से पर्वत बन सकता है।,मुझे इस प्रश्न का उत्तर नहीं पता है।,0,5,इस उत्तर में अधिक प्रयास और विषय की बेहतर समझ की आवश्यकता है।,अनुत्तरित / अपर्याप्त ज्ञान (No Attempt),"Subject: hindi
Chapter: पाठ 7 — साथी हाथ बढ़ाना
Question: गीत 'साथी हाथ बढ़ाना' में एक-एक कतरा और राई के मिलने से क्या बनता है?
Expected Answer: एक-एक कतरा मिलने से दरिया बनता है और एक-एक राई का दाना मिलने से पर्वत बन सकता है।
Student Answer: मुझे इस प्रश्न का उत्तर नहीं पता है।
Evaluate the student's answer. Return: marks out of 5, feedback, and evaluation_parameter.",0/5 | Parameter: अनुत्तरित / अपर्याप्त ज्ञान (No Attempt) | Feedback: इस उत्तर में अधिक प्रयास और विषय की बेहतर समझ की आवश्यकता है।
hindi,chapter_7,पाठ 7 — साथी हाथ बढ़ाना,इस गीत से हमें क्या प्रेरणा मिलती है?,"इस गीत से हमें एकता, संगठन और मिल-जुलकर कठिन से कठिन काम पूरा करने की प्रेरणा मिलती है।","इस गीत से हमें एकता, संगठन और मिल-जुलकर कठिन से कठिन काम पूरा करने की प्रेरणा मिलती है।",5,5,उत्कृष्ट उत्तर! आपने प्रश्न का सही और स्पष्ट उत्तर दिया है।,पूर्ण उत्तर एवं अवधारणा स्पष्टता (Conceptual Accuracy),"Subject: hindi
Chapter: पाठ 7 — साथी हाथ बढ़ाना
Question: इस गीत से हमें क्या प्रेरणा मिलती है?
Expected Answer: इस गीत से हमें एकता, संगठन और मिल-जुलकर कठिन से कठिन काम पूरा करने की प्रेरणा मिलती है।
Student Answer: इस गीत से हमें एकता, संगठन और मिल-जुलकर कठिन से कठिन काम पूरा करने की प्रेरणा मिलती है।
Evaluate the student's answer. Return: marks out of 5, feedback, and evaluation_parameter.",5/5 | Parameter: पूर्ण उत्तर एवं अवधारणा स्पष्टता (Conceptual Accuracy) | Feedback: उत्कृष्ट उत्तर! आपने प्रश्न का सही और स्पष्ट उत्तर दिया है।
hindi,chapter_7,पाठ 7 — साथी हाथ बढ़ाना,इस गीत से हमें क्या प्रेरणा मिलती है?,"इस गीत से हमें एकता, संगठन और मिल-जुलकर कठिन से कठिन काम पूरा करने की प्रेरणा मिलती है।","इस गीत से हमें एकता, संगठन और मिल-जुलकर कठिन।",3,5,"अच्छा प्रयास! आपने कुछ मुख्य बिंदु लिखे हैं, पर उत्तर को पूर्ण करने के लिए थोड़े और विवरण की आवश्यकता है।",आंशिक उत्तर (Partial Concept Recall),"Subject: hindi
Chapter: पाठ 7 — साथी हाथ बढ़ाना
Question: इस गीत से हमें क्या प्रेरणा मिलती है?
Expected Answer: इस गीत से हमें एकता, संगठन और मिल-जुलकर कठिन से कठिन काम पूरा करने की प्रेरणा मिलती है।
Student Answer: इस गीत से हमें एकता, संगठन और मिल-जुलकर कठिन।
Evaluate the student's answer. Return: marks out of 5, feedback, and evaluation_parameter.","3/5 | Parameter: आंशिक उत्तर (Partial Concept Recall) | Feedback: अच्छा प्रयास! आपने कुछ मुख्य बिंदु लिखे हैं, पर उत्तर को पूर्ण करने के लिए थोड़े और विवरण की आवश्यकता है।"
hindi,chapter_7,पाठ 7 — साथी हाथ बढ़ाना,इस गीत से हमें क्या प्रेरणा मिलती है?,"इस गीत से हमें एकता, संगठन और मिल-जुलकर कठिन से कठिन काम पूरा करने की प्रेरणा मिलती है।",मुझे इस प्रश्न का उत्तर नहीं पता है।,0,5,इस उत्तर में अधिक प्रयास और विषय की बेहतर समझ की आवश्यकता है।,अनुत्तरित / अपर्याप्त ज्ञान (No Attempt),"Subject: hindi
Chapter: पाठ 7 — साथी हाथ बढ़ाना
Question: इस गीत से हमें क्या प्रेरणा मिलती है?
Expected Answer: इस गीत से हमें एकता, संगठन और मिल-जुलकर कठिन से कठिन काम पूरा करने की प्रेरणा मिलती है।
Student Answer: मुझे इस प्रश्न का उत्तर नहीं पता है।
Evaluate the student's answer. Return: marks out of 5, feedback, and evaluation_parameter.",0/5 | Parameter: अनुत्तरित / अपर्याप्त ज्ञान (No Attempt) | Feedback: इस उत्तर में अधिक प्रयास और विषय की बेहतर समझ की आवश्यकता है।
hindi,chapter_8,पाठ 8 — ऐसे-ऐसे,मोहन 'ऐसे-ऐसे' का बहाना क्यों बना रहा था?,"मोहन ने स्कूल का गृहकार्य (होमवर्क) पूरा नहीं किया था, इसलिए स्कूल न जाने के लिए पेट में 'ऐसे-ऐसे' दर्द का बहाना बना रहा था।","मोहन ने स्कूल का गृहकार्य (होमवर्क) पूरा नहीं किया था, इसलिए स्कूल न जाने के लिए पेट में 'ऐसे-ऐसे' दर्द का बहाना बना रहा था।",5,5,उत्कृष्ट उत्तर! आपने प्रश्न का सही और स्पष्ट उत्तर दिया है।,पूर्ण उत्तर एवं अवधारणा स्पष्टता (Conceptual Accuracy),"Subject: hindi
Chapter: पाठ 8 — ऐसे-ऐसे
Question: मोहन 'ऐसे-ऐसे' का बहाना क्यों बना रहा था?
Expected Answer: मोहन ने स्कूल का गृहकार्य (होमवर्क) पूरा नहीं किया था, इसलिए स्कूल न जाने के लिए पेट में 'ऐसे-ऐसे' दर्द का बहाना बना रहा था।
Student Answer: मोहन ने स्कूल का गृहकार्य (होमवर्क) पूरा नहीं किया था, इसलिए स्कूल न जाने के लिए पेट में 'ऐसे-ऐसे' दर्द का बहाना बना रहा था।
Evaluate the student's answer. Return: marks out of 5, feedback, and evaluation_parameter.",5/5 | Parameter: पूर्ण उत्तर एवं अवधारणा स्पष्टता (Conceptual Accuracy) | Feedback: उत्कृष्ट उत्तर! आपने प्रश्न का सही और स्पष्ट उत्तर दिया है।
hindi,chapter_8,पाठ 8 — ऐसे-ऐसे,मोहन 'ऐसे-ऐसे' का बहाना क्यों बना रहा था?,"मोहन ने स्कूल का गृहकार्य (होमवर्क) पूरा नहीं किया था, इसलिए स्कूल न जाने के लिए पेट में 'ऐसे-ऐसे' दर्द का बहाना बना रहा था।","मोहन ने स्कूल का गृहकार्य (होमवर्क) पूरा नहीं किया था, इसलिए स्कूल।",3,5,"अच्छा प्रयास! आपने कुछ मुख्य बिंदु लिखे हैं, पर उत्तर को पूर्ण करने के लिए थोड़े और विवरण की आवश्यकता है।",आंशिक उत्तर (Partial Concept Recall),"Subject: hindi
Chapter: पाठ 8 — ऐसे-ऐसे
Question: मोहन 'ऐसे-ऐसे' का बहाना क्यों बना रहा था?
Expected Answer: मोहन ने स्कूल का गृहकार्य (होमवर्क) पूरा नहीं किया था, इसलिए स्कूल न जाने के लिए पेट में 'ऐसे-ऐसे' दर्द का बहाना बना रहा था।
Student Answer: मोहन ने स्कूल का गृहकार्य (होमवर्क) पूरा नहीं किया था, इसलिए स्कूल।
Evaluate the student's answer. Return: marks out of 5, feedback, and evaluation_parameter.","3/5 | Parameter: आंशिक उत्तर (Partial Concept Recall) | Feedback: अच्छा प्रयास! आपने कुछ मुख्य बिंदु लिखे हैं, पर उत्तर को पूर्ण करने के लिए थोड़े और विवरण की आवश्यकता है।"
hindi,chapter_8,पाठ 8 — ऐसे-ऐसे,मोहन 'ऐसे-ऐसे' का बहाना क्यों बना रहा था?,"मोहन ने स्कूल का गृहकार्य (होमवर्क) पूरा नहीं किया था, इसलिए स्कूल न जाने के लिए पेट में 'ऐसे-ऐसे' दर्द का बहाना बना रहा था।",मुझे इस प्रश्न का उत्तर नहीं पता है।,0,5,इस उत्तर में अधिक प्रयास और विषय की बेहतर समझ की आवश्यकता है।,अनुत्तरित / अपर्याप्त ज्ञान (No Attempt),"Subject: hindi
Chapter: पाठ 8 — ऐसे-ऐसे
Question: मोहन 'ऐसे-ऐसे' का बहाना क्यों बना रहा था?
Expected Answer: मोहन ने स्कूल का गृहकार्य (होमवर्क) पूरा नहीं किया था, इसलिए स्कूल न जाने के लिए पेट में 'ऐसे-ऐसे' दर्द का बहाना बना रहा था।
Student Answer: मुझे इस प्रश्न का उत्तर नहीं पता है।
Evaluate the student's answer. Return: marks out of 5, feedback, and evaluation_parameter.",0/5 | Parameter: अनुत्तरित / अपर्याप्त ज्ञान (No Attempt) | Feedback: इस उत्तर में अधिक प्रयास और विषय की बेहतर समझ की आवश्यकता है।
hindi,chapter_8,पाठ 8 — ऐसे-ऐसे,वैद्य जी और डॉक्टर जी ने मोहन को क्या बीमारी बताई?,"वैद्य जी ने वात का प्रकोप और बदहज़मी बताया, जबकि मास्टर जी ने समझ लिया कि यह केवल स्कूल का काम न करने का डर है।","वैद्य जी ने वात का प्रकोप और बदहज़मी बताया, जबकि मास्टर जी ने समझ लिया कि यह केवल स्कूल का काम न करने का डर है।",5,5,उत्कृष्ट उत्तर! आपने प्रश्न का सही और स्पष्ट उत्तर दिया है।,पूर्ण उत्तर एवं अवधारणा स्पष्टता (Conceptual Accuracy),"Subject: hindi
Chapter: पाठ 8 — ऐसे-ऐसे
Question: वैद्य जी और डॉक्टर जी ने मोहन को क्या बीमारी बताई?
Expected Answer: वैद्य जी ने वात का प्रकोप और बदहज़मी बताया, जबकि मास्टर जी ने समझ लिया कि यह केवल स्कूल का काम न करने का डर है।
Student Answer: वैद्य जी ने वात का प्रकोप और बदहज़मी बताया, जबकि मास्टर जी ने समझ लिया कि यह केवल स्कूल का काम न करने का डर है।
Evaluate the student's answer. Return: marks out of 5, feedback, and evaluation_parameter.",5/5 | Parameter: पूर्ण उत्तर एवं अवधारणा स्पष्टता (Conceptual Accuracy) | Feedback: उत्कृष्ट उत्तर! आपने प्रश्न का सही और स्पष्ट उत्तर दिया है।
hindi,chapter_8,पाठ 8 — ऐसे-ऐसे,वैद्य जी और डॉक्टर जी ने मोहन को क्या बीमारी बताई?,"वैद्य जी ने वात का प्रकोप और बदहज़मी बताया, जबकि मास्टर जी ने समझ लिया कि यह केवल स्कूल का काम न करने का डर है।","वैद्य जी ने वात का प्रकोप और बदहज़मी बताया, जबकि मास्टर जी ने।",3,5,"अच्छा प्रयास! आपने कुछ मुख्य बिंदु लिखे हैं, पर उत्तर को पूर्ण करने के लिए थोड़े और विवरण की आवश्यकता है।",आंशिक उत्तर (Partial Concept Recall),"Subject: hindi
Chapter: पाठ 8 — ऐसे-ऐसे
Question: वैद्य जी और डॉक्टर जी ने मोहन को क्या बीमारी बताई?
Expected Answer: वैद्य जी ने वात का प्रकोप और बदहज़मी बताया, जबकि मास्टर जी ने समझ लिया कि यह केवल स्कूल का काम न करने का डर है।
Student Answer: वैद्य जी ने वात का प्रकोप और बदहज़मी बताया, जबकि मास्टर जी ने।
Evaluate the student's answer. Return: marks out of 5, feedback, and evaluation_parameter.","3/5 | Parameter: आंशिक उत्तर (Partial Concept Recall) | Feedback: अच्छा प्रयास! आपने कुछ मुख्य बिंदु लिखे हैं, पर उत्तर को पूर्ण करने के लिए थोड़े और विवरण की आवश्यकता है।"
hindi,chapter_8,पाठ 8 — ऐसे-ऐसे,वैद्य जी और डॉक्टर जी ने मोहन को क्या बीमारी बताई?,"वैद्य जी ने वात का प्रकोप और बदहज़मी बताया, जबकि मास्टर जी ने समझ लिया कि यह केवल स्कूल का काम न करने का डर है।",मुझे इस प्रश्न का उत्तर नहीं पता है।,0,5,इस उत्तर में अधिक प्रयास और विषय की बेहतर समझ की आवश्यकता है।,अनुत्तरित / अपर्याप्त ज्ञान (No Attempt),"Subject: hindi
Chapter: पाठ 8 — ऐसे-ऐसे
Question: वैद्य जी और डॉक्टर जी ने मोहन को क्या बीमारी बताई?
Expected Answer: वैद्य जी ने वात का प्रकोप और बदहज़मी बताया, जबकि मास्टर जी ने समझ लिया कि यह केवल स्कूल का काम न करने का डर है।
Student Answer: मुझे इस प्रश्न का उत्तर नहीं पता है।
Evaluate the student's answer. Return: marks out of 5, feedback, and evaluation_parameter.",0/5 | Parameter: अनुत्तरित / अपर्याप्त ज्ञान (No Attempt) | Feedback: इस उत्तर में अधिक प्रयास और विषय की बेहतर समझ की आवश्यकता है।
maths,chapter_1,The Fish Tale,A log boat travels 4 km in 1 hour. How long will it take to go 20 km?,It will take 5 hours to travel 20 km because 20 divided by 4 is 5.,It will take 5 hours to travel 20 km because 20 divided by 4 is 5.,5,5,Excellent answer! You explained the concept of The Fish Tale very clearly.,Conceptual Understanding & Factual Accuracy,"Subject: maths
Chapter: The Fish Tale
Question: A log boat travels 4 km in 1 hour. How long will it take to go 20 km?
Expected Answer: It will take 5 hours to travel 20 km because 20 divided by 4 is 5.
Student Answer: It will take 5 hours to travel 20 km because 20 divided by 4 is 5.
Evaluate the student's answer. Return: marks out of 5, feedback, and evaluation_parameter.",5/5 | Parameter: Conceptual Understanding & Factual Accuracy | Feedback: Excellent answer! You explained the concept of The Fish Tale very clearly.
maths,chapter_1,The Fish Tale,A log boat travels 4 km in 1 hour. How long will it take to go 20 km?,It will take 5 hours to travel 20 km because 20 divided by 4 is 5.,It will take 5 hours to travel 20.,3,5,"Good attempt. You mentioned some correct points, but please add more details for a complete explanation.",Incomplete Explanation,"Subject: maths
Chapter: The Fish Tale
Question: A log boat travels 4 km in 1 hour. How long will it take to go 20 km?
Expected Answer: It will take 5 hours to travel 20 km because 20 divided by 4 is 5.
Student Answer: It will take 5 hours to travel 20.
Evaluate the student's answer. Return: marks out of 5, feedback, and evaluation_parameter.","3/5 | Parameter: Incomplete Explanation | Feedback: Good attempt. You mentioned some correct points, but please add more details for a complete explanation."
maths,chapter_1,The Fish Tale,A log boat travels 4 km in 1 hour. How long will it take to go 20 km?,It will take 5 hours to travel 20 km because 20 divided by 4 is 5.,I don't know the answer to this question.,0,5,This answer needs more effort and a clearer understanding of the topic.,Missing Knowledge,"Subject: maths
Chapter: The Fish Tale
Question: A log boat travels 4 km in 1 hour. How long will it take to go 20 km?
Expected Answer: It will take 5 hours to travel 20 km because 20 divided by 4 is 5.
Student Answer: I don't know the answer to this question.
Evaluate the student's answer. Return: marks out of 5, feedback, and evaluation_parameter.",0/5 | Parameter: Missing Knowledge | Feedback: This answer needs more effort and a clearer understanding of the topic.
maths,chapter_1,The Fish Tale,"If 1 kg of fresh fish cost Rs 150, what is the cost of 6 kg of fresh fish?",The cost of 6 kg of fresh fish is Rs 900 because 150 times 6 is 900.,The cost of 6 kg of fresh fish is Rs 900 because 150 times 6 is 900.,5,5,Excellent answer! You explained the concept of The Fish Tale very clearly.,Conceptual Understanding & Factual Accuracy,"Subject: maths
Chapter: The Fish Tale
Question: If 1 kg of fresh fish cost Rs 150, what is the cost of 6 kg of fresh fish?
Expected Answer: The cost of 6 kg of fresh fish is Rs 900 because 150 times 6 is 900.
Student Answer: The cost of 6 kg of fresh fish is Rs 900 because 150 times 6 is 900.
Evaluate the student's answer. Return: marks out of 5, feedback, and evaluation_parameter.",5/5 | Parameter: Conceptual Understanding & Factual Accuracy | Feedback: Excellent answer! You explained the concept of The Fish Tale very clearly.
maths,chapter_1,The Fish Tale,"If 1 kg of fresh fish cost Rs 150, what is the cost of 6 kg of fresh fish?",The cost of 6 kg of fresh fish is Rs 900 because 150 times 6 is 900.,The cost of 6 kg of fresh fish.,3,5,"Good attempt. You mentioned some correct points, but please add more details for a complete explanation.",Incomplete Explanation,"Subject: maths
Chapter: The Fish Tale
Question: If 1 kg of fresh fish cost Rs 150, what is the cost of 6 kg of fresh fish?
Expected Answer: The cost of 6 kg of fresh fish is Rs 900 because 150 times 6 is 900.
Student Answer: The cost of 6 kg of fresh fish.
Evaluate the student's answer. Return: marks out of 5, feedback, and evaluation_parameter.","3/5 | Parameter: Incomplete Explanation | Feedback: Good attempt. You mentioned some correct points, but please add more details for a complete explanation."
maths,chapter_1,The Fish Tale,"If 1 kg of fresh fish cost Rs 150, what is the cost of 6 kg of fresh fish?",The cost of 6 kg of fresh fish is Rs 900 because 150 times 6 is 900.,I don't know the answer to this question.,0,5,This answer needs more effort and a clearer understanding of the topic.,Missing Knowledge,"Subject: maths
Chapter: The Fish Tale
Question: If 1 kg of fresh fish cost Rs 150, what is the cost of 6 kg of fresh fish?
Expected Answer: The cost of 6 kg of fresh fish is Rs 900 because 150 times 6 is 900.
Student Answer: I don't know the answer to this question.
Evaluate the student's answer. Return: marks out of 5, feedback, and evaluation_parameter.",0/5 | Parameter: Missing Knowledge | Feedback: This answer needs more effort and a clearer understanding of the topic.
maths,chapter_1,The Fish Tale,Write the number one lakh in figures.,"One lakh is written as 1,00,000.","One lakh is written as 1,00,000.",5,5,Excellent answer! You explained the concept of The Fish Tale very clearly.,Conceptual Understanding & Factual Accuracy,"Subject: maths
Chapter: The Fish Tale
Question: Write the number one lakh in figures.
Expected Answer: One lakh is written as 1,00,000.
Student Answer: One lakh is written as 1,00,000.
Evaluate the student's answer. Return: marks out of 5, feedback, and evaluation_parameter.",5/5 | Parameter: Conceptual Understanding & Factual Accuracy | Feedback: Excellent answer! You explained the concept of The Fish Tale very clearly.
maths,chapter_1,The Fish Tale,Write the number one lakh in figures.,"One lakh is written as 1,00,000.",One lakh is.,3,5,"Good attempt. You mentioned some correct points, but please add more details for a complete explanation.",Incomplete Explanation,"Subject: maths
Chapter: The Fish Tale
Question: Write the number one lakh in figures.
Expected Answer: One lakh is written as 1,00,000.
Student Answer: One lakh is.
Evaluate the student's answer. Return: marks out of 5, feedback, and evaluation_parameter.","3/5 | Parameter: Incomplete Explanation | Feedback: Good attempt. You mentioned some correct points, but please add more details for a complete explanation."
maths,chapter_1,The Fish Tale,Write the number one lakh in figures.,"One lakh is written as 1,00,000.",I don't know the answer to this question.,0,5,This answer needs more effort and a clearer understanding of the topic.,Missing Knowledge,"Subject: maths
Chapter: The Fish Tale
Question: Write the number one lakh in figures.
Expected Answer: One lakh is written as 1,00,000.
Student Answer: I don't know the answer to this question.
Evaluate the student's answer. Return: marks out of 5, feedback, and evaluation_parameter.",0/5 | Parameter: Missing Knowledge | Feedback: This answer needs more effort and a clearer understanding of the topic.
maths,chapter_1,The Fish Tale,A motor boat goes at a speed of 20 km per hour. How far can it go in 3.5 hours?,It can travel 70 km because 20 times 3.5 is 70.,It can travel 70 km because 20 times 3.5 is 70.,5,5,Excellent answer! You explained the concept of The Fish Tale very clearly.,Conceptual Understanding & Factual Accuracy,"Subject: maths
Chapter: The Fish Tale
Question: A motor boat goes at a speed of 20 km per hour. How far can it go in 3.5 hours?
Expected Answer: It can travel 70 km because 20 times 3.5 is 70.
Student Answer: It can travel 70 km because 20 times 3.5 is 70.
Evaluate the student's answer. Return: marks out of 5, feedback, and evaluation_parameter.",5/5 | Parameter: Conceptual Understanding & Factual Accuracy | Feedback: Excellent answer! You explained the concept of The Fish Tale very clearly.
maths,chapter_1,The Fish Tale,A motor boat goes at a speed of 20 km per hour. How far can it go in 3.5 hours?,It can travel 70 km because 20 times 3.5 is 70.,It can travel 70 km.,3,5,"Good attempt. You mentioned some correct points, but please add more details for a complete explanation.",Incomplete Explanation,"Subject: maths
Chapter: The Fish Tale
Question: A motor boat goes at a speed of 20 km per hour. How far can it go in 3.5 hours?
Expected Answer: It can travel 70 km because 20 times 3.5 is 70.
Student Answer: It can travel 70 km.
Evaluate the student's answer. Return: marks out of 5, feedback, and evaluation_parameter.","3/5 | Parameter: Incomplete Explanation | Feedback: Good attempt. You mentioned some correct points, but please add more details for a complete explanation."
maths,chapter_1,The Fish Tale,A motor boat goes at a speed of 20 km per hour. How far can it go in 3.5 hours?,It can travel 70 km because 20 times 3.5 is 70.,I don't know the answer to this question.,0,5,This answer needs more effort and a clearer understanding of the topic.,Missing Knowledge,"Subject: maths
Chapter: The Fish Tale
Question: A motor boat goes at a speed of 20 km per hour. How far can it go in 3.5 hours?
Expected Answer: It can travel 70 km because 20 times 3.5 is 70.
Student Answer: I don't know the answer to this question.
Evaluate the student's answer. Return: marks out of 5, feedback, and evaluation_parameter.",0/5 | Parameter: Missing Knowledge | Feedback: This answer needs more effort and a clearer understanding of the topic.
maths,chapter_2,Shapes and Angles,What is the measure of a right angle?,A right angle measures exactly 90 degrees.,A right angle measures exactly 90 degrees.,5,5,Excellent answer! You explained the concept of Shapes and Angles very clearly.,Conceptual Understanding & Factual Accuracy,"Subject: maths
Chapter: Shapes and Angles
Question: What is the measure of a right angle?
Expected Answer: A right angle measures exactly 90 degrees.
Student Answer: A right angle measures exactly 90 degrees.
Evaluate the student's answer. Return: marks out of 5, feedback, and evaluation_parameter.",5/5 | Parameter: Conceptual Understanding & Factual Accuracy | Feedback: Excellent answer! You explained the concept of Shapes and Angles very clearly.
maths,chapter_2,Shapes and Angles,What is the measure of a right angle?,A right angle measures exactly 90 degrees.,A right angle.,3,5,"Good attempt. You mentioned some correct points, but please add more details for a complete explanation.",Incomplete Explanation,"Subject: maths
Chapter: Shapes and Angles
Question: What is the measure of a right angle?
Expected Answer: A right angle measures exactly 90 degrees.
Student Answer: A right angle.
Evaluate the student's answer. Return: marks out of 5, feedback, and evaluation_parameter.","3/5 | Parameter: Incomplete Explanation | Feedback: Good attempt. You mentioned some correct points, but please add more details for a complete explanation."
maths,chapter_2,Shapes and Angles,What is the measure of a right angle?,A right angle measures exactly 90 degrees.,I don't know the answer to this question.,0,5,This answer needs more effort and a clearer understanding of the topic.,Missing Knowledge,"Subject: maths
Chapter: Shapes and Angles
Question: What is the measure of a right angle?
Expected Answer: A right angle measures exactly 90 degrees.
Student Answer: I don't know the answer to this question.
Evaluate the student's answer. Return: marks out of 5, feedback, and evaluation_parameter.",0/5 | Parameter: Missing Knowledge | Feedback: This answer needs more effort and a clearer understanding of the topic.
maths,chapter_2,Shapes and Angles,An angle measures 45 degrees. What type of angle is it?,It is an acute angle because it is less than 90 degrees.,It is an acute angle because it is less than 90 degrees.,5,5,Excellent answer! You explained the concept of Shapes and Angles very clearly.,Conceptual Understanding & Factual Accuracy,"Subject: maths
Chapter: Shapes and Angles
Question: An angle measures 45 degrees. What type of angle is it?
Expected Answer: It is an acute angle because it is less than 90 degrees.
Student Answer: It is an acute angle because it is less than 90 degrees.
Evaluate the student's answer. Return: marks out of 5, feedback, and evaluation_parameter.",5/5 | Parameter: Conceptual Understanding & Factual Accuracy | Feedback: Excellent answer! You explained the concept of Shapes and Angles very clearly.
maths,chapter_2,Shapes and Angles,An angle measures 45 degrees. What type of angle is it?,It is an acute angle because it is less than 90 degrees.,It is an acute angle because.,3,5,"Good attempt. You mentioned some correct points, but please add more details for a complete explanation.",Incomplete Explanation,"Subject: maths
Chapter: Shapes and Angles
Question: An angle measures 45 degrees. What type of angle is it?
Expected Answer: It is an acute angle because it is less than 90 degrees.
Student Answer: It is an acute angle because.
Evaluate the student's answer. Return: marks out of 5, feedback, and evaluation_parameter.","3/5 | Parameter: Incomplete Explanation | Feedback: Good attempt. You mentioned some correct points, but please add more details for a complete explanation."
maths,chapter_2,Shapes and Angles,An angle measures 45 degrees. What type of angle is it?,It is an acute angle because it is less than 90 degrees.,I don't know the answer to this question.,0,5,This answer needs more effort and a clearer understanding of the topic.,Missing Knowledge,"Subject: maths
Chapter: Shapes and Angles
Question: An angle measures 45 degrees. What type of angle is it?
Expected Answer: It is an acute angle because it is less than 90 degrees.
Student Answer: I don't know the answer to this question.
Evaluate the student's answer. Return: marks out of 5, feedback, and evaluation_parameter.",0/5 | Parameter: Missing Knowledge | Feedback: This answer needs more effort and a clearer understanding of the topic.
maths,chapter_2,Shapes and Angles,What type of angle is formed between the hands of a clock at 3 o'clock?,A right angle of 90 degrees is formed at 3 o'clock.,A right angle of 90 degrees is formed at 3 o'clock.,5,5,Excellent answer! You explained the concept of Shapes and Angles very clearly.,Conceptual Understanding & Factual Accuracy,"Subject: maths
Chapter: Shapes and Angles
Question: What type of angle is formed between the hands of a clock at 3 o'clock?
Expected Answer: A right angle of 90 degrees is formed at 3 o'clock.
Student Answer: A right angle of 90 degrees is formed at 3 o'clock.
Evaluate the student's answer. Return: marks out of 5, feedback, and evaluation_parameter.",5/5 | Parameter: Conceptual Understanding & Factual Accuracy | Feedback: Excellent answer! You explained the concept of Shapes and Angles very clearly.
maths,chapter_2,Shapes and Angles,What type of angle is formed between the hands of a clock at 3 o'clock?,A right angle of 90 degrees is formed at 3 o'clock.,A right angle of 90.,3,5,"Good attempt. You mentioned some correct points, but please add more details for a complete explanation.",Incomplete Explanation,"Subject: maths
Chapter: Shapes and Angles
Question: What type of angle is formed between the hands of a clock at 3 o'clock?
Expected Answer: A right angle of 90 degrees is formed at 3 o'clock.
Student Answer: A right angle of 90.
Evaluate the student's answer. Return: marks out of 5, feedback, and evaluation_parameter.","3/5 | Parameter: Incomplete Explanation | Feedback: Good attempt. You mentioned some correct points, but please add more details for a complete explanation."
maths,chapter_2,Shapes and Angles,What type of angle is formed between the hands of a clock at 3 o'clock?,A right angle of 90 degrees is formed at 3 o'clock.,I don't know the answer to this question.,0,5,This answer needs more effort and a clearer understanding of the topic.,Missing Knowledge,"Subject: maths
Chapter: Shapes and Angles
Question: What type of angle is formed between the hands of a clock at 3 o'clock?
Expected Answer: A right angle of 90 degrees is formed at 3 o'clock.
Student Answer: I don't know the answer to this question.
Evaluate the student's answer. Return: marks out of 5, feedback, and evaluation_parameter.",0/5 | Parameter: Missing Knowledge | Feedback: This answer needs more effort and a clearer understanding of the topic.
maths,chapter_2,Shapes and Angles,What is the sum of angles in a triangle?,The sum of angles in a triangle is 180 degrees.,The sum of angles in a triangle is 180 degrees.,5,5,Excellent answer! You explained the concept of Shapes and Angles very clearly.,Conceptual Understanding & Factual Accuracy,"Subject: maths
Chapter: Shapes and Angles
Question: What is the sum of angles in a triangle?
Expected Answer: The sum of angles in a triangle is 180 degrees.
Student Answer: The sum of angles in a triangle is 180 degrees.
Evaluate the student's answer. Return: marks out of 5, feedback, and evaluation_parameter.",5/5 | Parameter: Conceptual Understanding & Factual Accuracy | Feedback: Excellent answer! You explained the concept of Shapes and Angles very clearly.
maths,chapter_2,Shapes and Angles,What is the sum of angles in a triangle?,The sum of angles in a triangle is 180 degrees.,The sum of angles in.,3,5,"Good attempt. You mentioned some correct points, but please add more details for a complete explanation.",Incomplete Explanation,"Subject: maths
Chapter: Shapes and Angles
Question: What is the sum of angles in a triangle?
Expected Answer: The sum of angles in a triangle is 180 degrees.
Student Answer: The sum of angles in.
Evaluate the student's answer. Return: marks out of 5, feedback, and evaluation_parameter.","3/5 | Parameter: Incomplete Explanation | Feedback: Good attempt. You mentioned some correct points, but please add more details for a complete explanation."
maths,chapter_2,Shapes and Angles,What is the sum of angles in a triangle?,The sum of angles in a triangle is 180 degrees.,I don't know the answer to this question.,0,5,This answer needs more effort and a clearer understanding of the topic.,Missing Knowledge,"Subject: maths
Chapter: Shapes and Angles
Question: What is the sum of angles in a triangle?
Expected Answer: The sum of angles in a triangle is 180 degrees.
Student Answer: I don't know the answer to this question.
Evaluate the student's answer. Return: marks out of 5, feedback, and evaluation_parameter.",0/5 | Parameter: Missing Knowledge | Feedback: This answer needs more effort and a clearer understanding of the topic.
maths,chapter_3,How Many Squares?,Find the perimeter of a rectangle with length 6 cm and width 4 cm.,The perimeter is 20 cm because 2 times (6 + 4) equals 20.,The perimeter is 20 cm because 2 times (6 + 4) equals 20.,5,5,Excellent answer! You explained the concept of How Many Squares? very clearly.,Conceptual Understanding & Factual Accuracy,"Subject: maths
Chapter: How Many Squares?
Question: Find the perimeter of a rectangle with length 6 cm and width 4 cm.
Expected Answer: The perimeter is 20 cm because 2 times (6 + 4) equals 20.
Student Answer: The perimeter is 20 cm because 2 times (6 + 4) equals 20.
Evaluate the student's answer. Return: marks out of 5, feedback, and evaluation_parameter.",5/5 | Parameter: Conceptual Understanding & Factual Accuracy | Feedback: Excellent answer! You explained the concept of How Many Squares? very clearly.
maths,chapter_3,How Many Squares?,Find the perimeter of a rectangle with length 6 cm and width 4 cm.,The perimeter is 20 cm because 2 times (6 + 4) equals 20.,The perimeter is 20 cm because.,3,5,"Good attempt. You mentioned some correct points, but please add more details for a complete explanation.",Incomplete Explanation,"Subject: maths
Chapter: How Many Squares?
Question: Find the perimeter of a rectangle with length 6 cm and width 4 cm.
Expected Answer: The perimeter is 20 cm because 2 times (6 + 4) equals 20.
Student Answer: The perimeter is 20 cm because.
Evaluate the student's answer. Return: marks out of 5, feedback, and evaluation_parameter.","3/5 | Parameter: Incomplete Explanation | Feedback: Good attempt. You mentioned some correct points, but please add more details for a complete explanation."
maths,chapter_3,How Many Squares?,Find the perimeter of a rectangle with length 6 cm and width 4 cm.,The perimeter is 20 cm because 2 times (6 + 4) equals 20.,I don't know the answer to this question.,0,5,This answer needs more effort and a clearer understanding of the topic.,Missing Knowledge,"Subject: maths
Chapter: How Many Squares?
Question: Find the perimeter of a rectangle with length 6 cm and width 4 cm.
Expected Answer: The perimeter is 20 cm because 2 times (6 + 4) equals 20.
Student Answer: I don't know the answer to this question.
Evaluate the student's answer. Return: marks out of 5, feedback, and evaluation_parameter.",0/5 | Parameter: Missing Knowledge | Feedback: This answer needs more effort and a clearer understanding of the topic.
maths,chapter_3,How Many Squares?,"If a square has a side length of 5 cm, what is its area?",The area is 25 square cm because 5 times 5 is 25.,The area is 25 square cm because 5 times 5 is 25.,5,5,Excellent answer! You explained the concept of How Many Squares? very clearly.,Conceptual Understanding & Factual Accuracy,"Subject: maths
Chapter: How Many Squares?
Question: If a square has a side length of 5 cm, what is its area?
Expected Answer: The area is 25 square cm because 5 times 5 is 25.
Student Answer: The area is 25 square cm because 5 times 5 is 25.
Evaluate the student's answer. Return: marks out of 5, feedback, and evaluation_parameter.",5/5 | Parameter: Conceptual Understanding & Factual Accuracy | Feedback: Excellent answer! You explained the concept of How Many Squares? very clearly.
maths,chapter_3,How Many Squares?,"If a square has a side length of 5 cm, what is its area?",The area is 25 square cm because 5 times 5 is 25.,The area is 25 square cm.,3,5,"Good attempt. You mentioned some correct points, but please add more details for a complete explanation.",Incomplete Explanation,"Subject: maths
Chapter: How Many Squares?
Question: If a square has a side length of 5 cm, what is its area?
Expected Answer: The area is 25 square cm because 5 times 5 is 25.
Student Answer: The area is 25 square cm.
Evaluate the student's answer. Return: marks out of 5, feedback, and evaluation_parameter.","3/5 | Parameter: Incomplete Explanation | Feedback: Good attempt. You mentioned some correct points, but please add more details for a complete explanation."
maths,chapter_3,How Many Squares?,"If a square has a side length of 5 cm, what is its area?",The area is 25 square cm because 5 times 5 is 25.,I don't know the answer to this question.,0,5,This answer needs more effort and a clearer understanding of the topic.,Missing Knowledge,"Subject: maths
Chapter: How Many Squares?
Question: If a square has a side length of 5 cm, what is its area?
Expected Answer: The area is 25 square cm because 5 times 5 is 25.
Student Answer: I don't know the answer to this question.
Evaluate the student's answer. Return: marks out of 5, feedback, and evaluation_parameter.",0/5 | Parameter: Missing Knowledge | Feedback: This answer needs more effort and a clearer understanding of the topic.
maths,chapter_3,How Many Squares?,What is the perimeter of a square with a side length of 8 cm?,The perimeter is 32 cm because 4 times 8 is 32.,The perimeter is 32 cm because 4 times 8 is 32.,5,5,Excellent answer! You explained the concept of How Many Squares? very clearly.,Conceptual Understanding & Factual Accuracy,"Subject: maths
Chapter: How Many Squares?
Question: What is the perimeter of a square with a side length of 8 cm?
Expected Answer: The perimeter is 32 cm because 4 times 8 is 32.
Student Answer: The perimeter is 32 cm because 4 times 8 is 32.
Evaluate the student's answer. Return: marks out of 5, feedback, and evaluation_parameter.",5/5 | Parameter: Conceptual Understanding & Factual Accuracy | Feedback: Excellent answer! You explained the concept of How Many Squares? very clearly.
maths,chapter_3,How Many Squares?,What is the perimeter of a square with a side length of 8 cm?,The perimeter is 32 cm because 4 times 8 is 32.,The perimeter is 32 cm.,3,5,"Good attempt. You mentioned some correct points, but please add more details for a complete explanation.",Incomplete Explanation,"Subject: maths
Chapter: How Many Squares?
Question: What is the perimeter of a square with a side length of 8 cm?
Expected Answer: The perimeter is 32 cm because 4 times 8 is 32.
Student Answer: The perimeter is 32 cm.
Evaluate the student's answer. Return: marks out of 5, feedback, and evaluation_parameter.","3/5 | Parameter: Incomplete Explanation | Feedback: Good attempt. You mentioned some correct points, but please add more details for a complete explanation."
maths,chapter_3,How Many Squares?,What is the perimeter of a square with a side length of 8 cm?,The perimeter is 32 cm because 4 times 8 is 32.,I don't know the answer to this question.,0,5,This answer needs more effort and a clearer understanding of the topic.,Missing Knowledge,"Subject: maths
Chapter: How Many Squares?
Question: What is the perimeter of a square with a side length of 8 cm?
Expected Answer: The perimeter is 32 cm because 4 times 8 is 32.
Student Answer: I don't know the answer to this question.
Evaluate the student's answer. Return: marks out of 5, feedback, and evaluation_parameter.",0/5 | Parameter: Missing Knowledge | Feedback: This answer needs more effort and a clearer understanding of the topic.
maths,chapter_4,Parts and Wholes,What fraction of a day is 8 hours?,It is 1/3 of a day because 8/24 simplifies to 1/3.,It is 1/3 of a day because 8/24 simplifies to 1/3.,5,5,Excellent answer! You explained the concept of Parts and Wholes very clearly.,Conceptual Understanding & Factual Accuracy,"Subject: maths
Chapter: Parts and Wholes
Question: What fraction of a day is 8 hours?
Expected Answer: It is 1/3 of a day because 8/24 simplifies to 1/3.
Student Answer: It is 1/3 of a day because 8/24 simplifies to 1/3.
Evaluate the student's answer. Return: marks out of 5, feedback, and evaluation_parameter.",5/5 | Parameter: Conceptual Understanding & Factual Accuracy | Feedback: Excellent answer! You explained the concept of Parts and Wholes very clearly.
maths,chapter_4,Parts and Wholes,What fraction of a day is 8 hours?,It is 1/3 of a day because 8/24 simplifies to 1/3.,It is 1/3 of a.,3,5,"Good attempt. You mentioned some correct points, but please add more details for a complete explanation.",Incomplete Explanation,"Subject: maths
Chapter: Parts and Wholes
Question: What fraction of a day is 8 hours?
Expected Answer: It is 1/3 of a day because 8/24 simplifies to 1/3.
Student Answer: It is 1/3 of a.
Evaluate the student's answer. Return: marks out of 5, feedback, and evaluation_parameter.","3/5 | Parameter: Incomplete Explanation | Feedback: Good attempt. You mentioned some correct points, but please add more details for a complete explanation."
maths,chapter_4,Parts and Wholes,What fraction of a day is 8 hours?,It is 1/3 of a day because 8/24 simplifies to 1/3.,I don't know the answer to this question.,0,5,This answer needs more effort and a clearer understanding of the topic.,Missing Knowledge,"Subject: maths
Chapter: Parts and Wholes
Question: What fraction of a day is 8 hours?
Expected Answer: It is 1/3 of a day because 8/24 simplifies to 1/3.
Student Answer: I don't know the answer to this question.
Evaluate the student's answer. Return: marks out of 5, feedback, and evaluation_parameter.",0/5 | Parameter: Missing Knowledge | Feedback: This answer needs more effort and a clearer understanding of the topic.
maths,chapter_4,Parts and Wholes,Find 3/4 of 20 rupees.,"It is 15 rupees because 20 divided by 4 is 5, and 5 times 3 is 15.","It is 15 rupees because 20 divided by 4 is 5, and 5 times 3 is 15.",5,5,Excellent answer! You explained the concept of Parts and Wholes very clearly.,Conceptual Understanding & Factual Accuracy,"Subject: maths
Chapter: Parts and Wholes
Question: Find 3/4 of 20 rupees.
Expected Answer: It is 15 rupees because 20 divided by 4 is 5, and 5 times 3 is 15.
Student Answer: It is 15 rupees because 20 divided by 4 is 5, and 5 times 3 is 15.
Evaluate the student's answer. Return: marks out of 5, feedback, and evaluation_parameter.",5/5 | Parameter: Conceptual Understanding & Factual Accuracy | Feedback: Excellent answer! You explained the concept of Parts and Wholes very clearly.
maths,chapter_4,Parts and Wholes,Find 3/4 of 20 rupees.,"It is 15 rupees because 20 divided by 4 is 5, and 5 times 3 is 15.",It is 15 rupees because 20 divided by.,3,5,"Good attempt. You mentioned some correct points, but please add more details for a complete explanation.",Incomplete Explanation,"Subject: maths
Chapter: Parts and Wholes
Question: Find 3/4 of 20 rupees.
Expected Answer: It is 15 rupees because 20 divided by 4 is 5, and 5 times 3 is 15.
Student Answer: It is 15 rupees because 20 divided by.
Evaluate the student's answer. Return: marks out of 5, feedback, and evaluation_parameter.","3/5 | Parameter: Incomplete Explanation | Feedback: Good attempt. You mentioned some correct points, but please add more details for a complete explanation."
maths,chapter_4,Parts and Wholes,Find 3/4 of 20 rupees.,"It is 15 rupees because 20 divided by 4 is 5, and 5 times 3 is 15.",I don't know the answer to this question.,0,5,This answer needs more effort and a clearer understanding of the topic.,Missing Knowledge,"Subject: maths
Chapter: Parts and Wholes
Question: Find 3/4 of 20 rupees.
Expected Answer: It is 15 rupees because 20 divided by 4 is 5, and 5 times 3 is 15.
Student Answer: I don't know the answer to this question.
Evaluate the student's answer. Return: marks out of 5, feedback, and evaluation_parameter.",0/5 | Parameter: Missing Knowledge | Feedback: This answer needs more effort and a clearer understanding of the topic.
maths,chapter_4,Parts and Wholes,What fraction of an hour is 15 minutes?,It is 1/4 of an hour because 15/60 simplifies to 1/4.,It is 1/4 of an hour because 15/60 simplifies to 1/4.,5,5,Excellent answer! You explained the concept of Parts and Wholes very clearly.,Conceptual Understanding & Factual Accuracy,"Subject: maths
Chapter: Parts and Wholes
Question: What fraction of an hour is 15 minutes?
Expected Answer: It is 1/4 of an hour because 15/60 simplifies to 1/4.
Student Answer: It is 1/4 of an hour because 15/60 simplifies to 1/4.
Evaluate the student's answer. Return: marks out of 5, feedback, and evaluation_parameter.",5/5 | Parameter: Conceptual Understanding & Factual Accuracy | Feedback: Excellent answer! You explained the concept of Parts and Wholes very clearly.
maths,chapter_4,Parts and Wholes,What fraction of an hour is 15 minutes?,It is 1/4 of an hour because 15/60 simplifies to 1/4.,It is 1/4 of an.,3,5,"Good attempt. You mentioned some correct points, but please add more details for a complete explanation.",Incomplete Explanation,"Subject: maths
Chapter: Parts and Wholes
Question: What fraction of an hour is 15 minutes?
Expected Answer: It is 1/4 of an hour because 15/60 simplifies to 1/4.
Student Answer: It is 1/4 of an.
Evaluate the student's answer. Return: marks out of 5, feedback, and evaluation_parameter.","3/5 | Parameter: Incomplete Explanation | Feedback: Good attempt. You mentioned some correct points, but please add more details for a complete explanation."
maths,chapter_4,Parts and Wholes,What fraction of an hour is 15 minutes?,It is 1/4 of an hour because 15/60 simplifies to 1/4.,I don't know the answer to this question.,0,5,This answer needs more effort and a clearer understanding of the topic.,Missing Knowledge,"Subject: maths
Chapter: Parts and Wholes
Question: What fraction of an hour is 15 minutes?
Expected Answer: It is 1/4 of an hour because 15/60 simplifies to 1/4.
Student Answer: I don't know the answer to this question.
Evaluate the student's answer. Return: marks out of 5, feedback, and evaluation_parameter.",0/5 | Parameter: Missing Knowledge | Feedback: This answer needs more effort and a clearer understanding of the topic.
maths,chapter_5,Does it Look the Same?,Does the letter 'H' look the same after a half turn?,"Yes, the letter H looks the same after a half turn because of vertical and horizontal symmetry.","Yes, the letter H looks the same after a half turn because of vertical and horizontal symmetry.",5,5,Excellent answer! You explained the concept of Does it Look the Same? very clearly.,Conceptual Understanding & Factual Accuracy,"Subject: maths
Chapter: Does it Look the Same?
Question: Does the letter 'H' look the same after a half turn?
Expected Answer: Yes, the letter H looks the same after a half turn because of vertical and horizontal symmetry.
Student Answer: Yes, the letter H looks the same after a half turn because of vertical and horizontal symmetry.
Evaluate the student's answer. Return: marks out of 5, feedback, and evaluation_parameter.",5/5 | Parameter: Conceptual Understanding & Factual Accuracy | Feedback: Excellent answer! You explained the concept of Does it Look the Same? very clearly.
maths,chapter_5,Does it Look the Same?,Does the letter 'H' look the same after a half turn?,"Yes, the letter H looks the same after a half turn because of vertical and horizontal symmetry.","Yes, the letter H looks the same after.",3,5,"Good attempt. You mentioned some correct points, but please add more details for a complete explanation.",Incomplete Explanation,"Subject: maths
Chapter: Does it Look the Same?
Question: Does the letter 'H' look the same after a half turn?
Expected Answer: Yes, the letter H looks the same after a half turn because of vertical and horizontal symmetry.
Student Answer: Yes, the letter H looks the same after.
Evaluate the student's answer. Return: marks out of 5, feedback, and evaluation_parameter.","3/5 | Parameter: Incomplete Explanation | Feedback: Good attempt. You mentioned some correct points, but please add more details for a complete explanation."
maths,chapter_5,Does it Look the Same?,Does the letter 'H' look the same after a half turn?,"Yes, the letter H looks the same after a half turn because of vertical and horizontal symmetry.",I don't know the answer to this question.,0,5,This answer needs more effort and a clearer understanding of the topic.,Missing Knowledge,"Subject: maths
Chapter: Does it Look the Same?
Question: Does the letter 'H' look the same after a half turn?
Expected Answer: Yes, the letter H looks the same after a half turn because of vertical and horizontal symmetry.
Student Answer: I don't know the answer to this question.
Evaluate the student's answer. Return: marks out of 5, feedback, and evaluation_parameter.",0/5 | Parameter: Missing Knowledge | Feedback: This answer needs more effort and a clearer understanding of the topic.
maths,chapter_5,Does it Look the Same?,Does a circle have line symmetry?,"Yes, a circle has infinite lines of symmetry passing through its center.","Yes, a circle has infinite lines of symmetry passing through its center.",5,5,Excellent answer! You explained the concept of Does it Look the Same? very clearly.,Conceptual Understanding & Factual Accuracy,"Subject: maths
Chapter: Does it Look the Same?
Question: Does a circle have line symmetry?
Expected Answer: Yes, a circle has infinite lines of symmetry passing through its center.
Student Answer: Yes, a circle has infinite lines of symmetry passing through its center.
Evaluate the student's answer. Return: marks out of 5, feedback, and evaluation_parameter.",5/5 | Parameter: Conceptual Understanding & Factual Accuracy | Feedback: Excellent answer! You explained the concept of Does it Look the Same? very clearly.
maths,chapter_5,Does it Look the Same?,Does a circle have line symmetry?,"Yes, a circle has infinite lines of symmetry passing through its center.","Yes, a circle has infinite lines.",3,5,"Good attempt. You mentioned some correct points, but please add more details for a complete explanation.",Incomplete Explanation,"Subject: maths
Chapter: Does it Look the Same?
Question: Does a circle have line symmetry?
Expected Answer: Yes, a circle has infinite lines of symmetry passing through its center.
Student Answer: Yes, a circle has infinite lines.
Evaluate the student's answer. Return: marks out of 5, feedback, and evaluation_parameter.","3/5 | Parameter: Incomplete Explanation | Feedback: Good attempt. You mentioned some correct points, but please add more details for a complete explanation."
maths,chapter_5,Does it Look the Same?,Does a circle have line symmetry?,"Yes, a circle has infinite lines of symmetry passing through its center.",I don't know the answer to this question.,0,5,This answer needs more effort and a clearer understanding of the topic.,Missing Knowledge,"Subject: maths
Chapter: Does it Look the Same?
Question: Does a circle have line symmetry?
Expected Answer: Yes, a circle has infinite lines of symmetry passing through its center.
Student Answer: I don't know the answer to this question.
Evaluate the student's answer. Return: marks out of 5, feedback, and evaluation_parameter.",0/5 | Parameter: Missing Knowledge | Feedback: This answer needs more effort and a clearer understanding of the topic.
maths,chapter_5,Does it Look the Same?,What fraction of a turn does a square need to look the same?,A square needs a 1/4 turn (or 90 degrees) to look exactly the same.,A square needs a 1/4 turn (or 90 degrees) to look exactly the same.,5,5,Excellent answer! You explained the concept of Does it Look the Same? very clearly.,Conceptual Understanding & Factual Accuracy,"Subject: maths
Chapter: Does it Look the Same?
Question: What fraction of a turn does a square need to look the same?
Expected Answer: A square needs a 1/4 turn (or 90 degrees) to look exactly the same.
Student Answer: A square needs a 1/4 turn (or 90 degrees) to look exactly the same.
Evaluate the student's answer. Return: marks out of 5, feedback, and evaluation_parameter.",5/5 | Parameter: Conceptual Understanding & Factual Accuracy | Feedback: Excellent answer! You explained the concept of Does it Look the Same? very clearly.
maths,chapter_5,Does it Look the Same?,What fraction of a turn does a square need to look the same?,A square needs a 1/4 turn (or 90 degrees) to look exactly the same.,A square needs a 1/4 turn (or.,3,5,"Good attempt. You mentioned some correct points, but please add more details for a complete explanation.",Incomplete Explanation,"Subject: maths
Chapter: Does it Look the Same?
Question: What fraction of a turn does a square need to look the same?
Expected Answer: A square needs a 1/4 turn (or 90 degrees) to look exactly the same.
Student Answer: A square needs a 1/4 turn (or.
Evaluate the student's answer. Return: marks out of 5, feedback, and evaluation_parameter.","3/5 | Parameter: Incomplete Explanation | Feedback: Good attempt. You mentioned some correct points, but please add more details for a complete explanation."
maths,chapter_5,Does it Look the Same?,What fraction of a turn does a square need to look the same?,A square needs a 1/4 turn (or 90 degrees) to look exactly the same.,I don't know the answer to this question.,0,5,This answer needs more effort and a clearer understanding of the topic.,Missing Knowledge,"Subject: maths
Chapter: Does it Look the Same?
Question: What fraction of a turn does a square need to look the same?
Expected Answer: A square needs a 1/4 turn (or 90 degrees) to look exactly the same.
Student Answer: I don't know the answer to this question.
Evaluate the student's answer. Return: marks out of 5, feedback, and evaluation_parameter.",0/5 | Parameter: Missing Knowledge | Feedback: This answer needs more effort and a clearer understanding of the topic.
maths,chapter_6,"Be My Multiple, I'll be Your Factor",What is the smallest common multiple of 3 and 4?,The smallest common multiple of 3 and 4 is 12.,The smallest common multiple of 3 and 4 is 12.,5,5,"Excellent answer! You explained the concept of Be My Multiple, I'll be Your Factor very clearly.",Conceptual Understanding & Factual Accuracy,"Subject: maths
Chapter: Be My Multiple, I'll be Your Factor
Question: What is the smallest common multiple of 3 and 4?
Expected Answer: The smallest common multiple of 3 and 4 is 12.
Student Answer: The smallest common multiple of 3 and 4 is 12.
Evaluate the student's answer. Return: marks out of 5, feedback, and evaluation_parameter.","5/5 | Parameter: Conceptual Understanding & Factual Accuracy | Feedback: Excellent answer! You explained the concept of Be My Multiple, I'll be Your Factor very clearly."
maths,chapter_6,"Be My Multiple, I'll be Your Factor",What is the smallest common multiple of 3 and 4?,The smallest common multiple of 3 and 4 is 12.,The smallest common multiple of.,3,5,"Good attempt. You mentioned some correct points, but please add more details for a complete explanation.",Incomplete Explanation,"Subject: maths
Chapter: Be My Multiple, I'll be Your Factor
Question: What is the smallest common multiple of 3 and 4?
Expected Answer: The smallest common multiple of 3 and 4 is 12.
Student Answer: The smallest common multiple of.
Evaluate the student's answer. Return: marks out of 5, feedback, and evaluation_parameter.","3/5 | Parameter: Incomplete Explanation | Feedback: Good attempt. You mentioned some correct points, but please add more details for a complete explanation."
maths,chapter_6,"Be My Multiple, I'll be Your Factor",What is the smallest common multiple of 3 and 4?,The smallest common multiple of 3 and 4 is 12.,I don't know the answer to this question.,0,5,This answer needs more effort and a clearer understanding of the topic.,Missing Knowledge,"Subject: maths
Chapter: Be My Multiple, I'll be Your Factor
Question: What is the smallest common multiple of 3 and 4?
Expected Answer: The smallest common multiple of 3 and 4 is 12.
Student Answer: I don't know the answer to this question.
Evaluate the student's answer. Return: marks out of 5, feedback, and evaluation_parameter.",0/5 | Parameter: Missing Knowledge | Feedback: This answer needs more effort and a clearer understanding of the topic.
maths,chapter_6,"Be My Multiple, I'll be Your Factor",Find the factors of 12.,"The factors of 12 are 1, 2, 3, 4, 6, and 12.","The factors of 12 are 1, 2, 3, 4, 6, and 12.",5,5,"Excellent answer! You explained the concept of Be My Multiple, I'll be Your Factor very clearly.",Conceptual Understanding & Factual Accuracy,"Subject: maths
Chapter: Be My Multiple, I'll be Your Factor
Question: Find the factors of 12.
Expected Answer: The factors of 12 are 1, 2, 3, 4, 6, and 12.
Student Answer: The factors of 12 are 1, 2, 3, 4, 6, and 12.
Evaluate the student's answer. Return: marks out of 5, feedback, and evaluation_parameter.","5/5 | Parameter: Conceptual Understanding & Factual Accuracy | Feedback: Excellent answer! You explained the concept of Be My Multiple, I'll be Your Factor very clearly."
maths,chapter_6,"Be My Multiple, I'll be Your Factor",Find the factors of 12.,"The factors of 12 are 1, 2, 3, 4, 6, and 12.","The factors of 12 are 1,.",3,5,"Good attempt. You mentioned some correct points, but please add more details for a complete explanation.",Incomplete Explanation,"Subject: maths
Chapter: Be My Multiple, I'll be Your Factor
Question: Find the factors of 12.
Expected Answer: The factors of 12 are 1, 2, 3, 4, 6, and 12.
Student Answer: The factors of 12 are 1,.
Evaluate the student's answer. Return: marks out of 5, feedback, and evaluation_parameter.","3/5 | Parameter: Incomplete Explanation | Feedback: Good attempt. You mentioned some correct points, but please add more details for a complete explanation."
maths,chapter_6,"Be My Multiple, I'll be Your Factor",Find the factors of 12.,"The factors of 12 are 1, 2, 3, 4, 6, and 12.",I don't know the answer to this question.,0,5,This answer needs more effort and a clearer understanding of the topic.,Missing Knowledge,"Subject: maths
Chapter: Be My Multiple, I'll be Your Factor
Question: Find the factors of 12.
Expected Answer: The factors of 12 are 1, 2, 3, 4, 6, and 12.
Student Answer: I don't know the answer to this question.
Evaluate the student's answer. Return: marks out of 5, feedback, and evaluation_parameter.",0/5 | Parameter: Missing Knowledge | Feedback: This answer needs more effort and a clearer understanding of the topic.
maths,chapter_6,"Be My Multiple, I'll be Your Factor",What is the highest common factor (HCF) of 15 and 20?,The highest common factor of 15 and 20 is 5.,The highest common factor of 15 and 20 is 5.,5,5,"Excellent answer! You explained the concept of Be My Multiple, I'll be Your Factor very clearly.",Conceptual Understanding & Factual Accuracy,"Subject: maths
Chapter: Be My Multiple, I'll be Your Factor
Question: What is the highest common factor (HCF) of 15 and 20?
Expected Answer: The highest common factor of 15 and 20 is 5.
Student Answer: The highest common factor of 15 and 20 is 5.
Evaluate the student's answer. Return: marks out of 5, feedback, and evaluation_parameter.","5/5 | Parameter: Conceptual Understanding & Factual Accuracy | Feedback: Excellent answer! You explained the concept of Be My Multiple, I'll be Your Factor very clearly."
maths,chapter_6,"Be My Multiple, I'll be Your Factor",What is the highest common factor (HCF) of 15 and 20?,The highest common factor of 15 and 20 is 5.,The highest common factor of.,3,5,"Good attempt. You mentioned some correct points, but please add more details for a complete explanation.",Incomplete Explanation,"Subject: maths
Chapter: Be My Multiple, I'll be Your Factor
Question: What is the highest common factor (HCF) of 15 and 20?
Expected Answer: The highest common factor of 15 and 20 is 5.
Student Answer: The highest common factor of.
Evaluate the student's answer. Return: marks out of 5, feedback, and evaluation_parameter.","3/5 | Parameter: Incomplete Explanation | Feedback: Good attempt. You mentioned some correct points, but please add more details for a complete explanation."
maths,chapter_6,"Be My Multiple, I'll be Your Factor",What is the highest common factor (HCF) of 15 and 20?,The highest common factor of 15 and 20 is 5.,I don't know the answer to this question.,0,5,This answer needs more effort and a clearer understanding of the topic.,Missing Knowledge,"Subject: maths
Chapter: Be My Multiple, I'll be Your Factor
Question: What is the highest common factor (HCF) of 15 and 20?
Expected Answer: The highest common factor of 15 and 20 is 5.
Student Answer: I don't know the answer to this question.
Evaluate the student's answer. Return: marks out of 5, feedback, and evaluation_parameter.",0/5 | Parameter: Missing Knowledge | Feedback: This answer needs more effort and a clearer understanding of the topic.
maths,chapter_7,Can You See the Pattern?,"What is the next number in the pattern: 2, 4, 8, 16, ...?",The next number is 32 because each term is multiplied by 2.,The next number is 32 because each term is multiplied by 2.,5,5,Excellent answer! You explained the concept of Can You See the Pattern? very clearly.,Conceptual Understanding & Factual Accuracy,"Subject: maths
Chapter: Can You See the Pattern?
Question: What is the next number in the pattern: 2, 4, 8, 16, ...?
Expected Answer: The next number is 32 because each term is multiplied by 2.
Student Answer: The next number is 32 because each term is multiplied by 2.
Evaluate the student's answer. Return: marks out of 5, feedback, and evaluation_parameter.",5/5 | Parameter: Conceptual Understanding & Factual Accuracy | Feedback: Excellent answer! You explained the concept of Can You See the Pattern? very clearly.
maths,chapter_7,Can You See the Pattern?,"What is the next number in the pattern: 2, 4, 8, 16, ...?",The next number is 32 because each term is multiplied by 2.,The next number is 32 because.,3,5,"Good attempt. You mentioned some correct points, but please add more details for a complete explanation.",Incomplete Explanation,"Subject: maths
Chapter: Can You See the Pattern?
Question: What is the next number in the pattern: 2, 4, 8, 16, ...?
Expected Answer: The next number is 32 because each term is multiplied by 2.
Student Answer: The next number is 32 because.
Evaluate the student's answer. Return: marks out of 5, feedback, and evaluation_parameter.","3/5 | Parameter: Incomplete Explanation | Feedback: Good attempt. You mentioned some correct points, but please add more details for a complete explanation."
maths,chapter_7,Can You See the Pattern?,"What is the next number in the pattern: 2, 4, 8, 16, ...?",The next number is 32 because each term is multiplied by 2.,I don't know the answer to this question.,0,5,This answer needs more effort and a clearer understanding of the topic.,Missing Knowledge,"Subject: maths
Chapter: Can You See the Pattern?
Question: What is the next number in the pattern: 2, 4, 8, 16, ...?
Expected Answer: The next number is 32 because each term is multiplied by 2.
Student Answer: I don't know the answer to this question.
Evaluate the student's answer. Return: marks out of 5, feedback, and evaluation_parameter.",0/5 | Parameter: Missing Knowledge | Feedback: This answer needs more effort and a clearer understanding of the topic.
maths,chapter_7,Can You See the Pattern?,"Complete the pattern: 100, 90, 80, 70, ...?",The next number is 60 because we subtract 10 at each step.,The next number is 60 because we subtract 10 at each step.,5,5,Excellent answer! You explained the concept of Can You See the Pattern? very clearly.,Conceptual Understanding & Factual Accuracy,"Subject: maths
Chapter: Can You See the Pattern?
Question: Complete the pattern: 100, 90, 80, 70, ...?
Expected Answer: The next number is 60 because we subtract 10 at each step.
Student Answer: The next number is 60 because we subtract 10 at each step.
Evaluate the student's answer. Return: marks out of 5, feedback, and evaluation_parameter.",5/5 | Parameter: Conceptual Understanding & Factual Accuracy | Feedback: Excellent answer! You explained the concept of Can You See the Pattern? very clearly.
maths,chapter_7,Can You See the Pattern?,"Complete the pattern: 100, 90, 80, 70, ...?",The next number is 60 because we subtract 10 at each step.,The next number is 60 because.,3,5,"Good attempt. You mentioned some correct points, but please add more details for a complete explanation.",Incomplete Explanation,"Subject: maths
Chapter: Can You See the Pattern?
Question: Complete the pattern: 100, 90, 80, 70, ...?
Expected Answer: The next number is 60 because we subtract 10 at each step.
Student Answer: The next number is 60 because.
Evaluate the student's answer. Return: marks out of 5, feedback, and evaluation_parameter.","3/5 | Parameter: Incomplete Explanation | Feedback: Good attempt. You mentioned some correct points, but please add more details for a complete explanation."
maths,chapter_7,Can You See the Pattern?,"Complete the pattern: 100, 90, 80, 70, ...?",The next number is 60 because we subtract 10 at each step.,I don't know the answer to this question.,0,5,This answer needs more effort and a clearer understanding of the topic.,Missing Knowledge,"Subject: maths
Chapter: Can You See the Pattern?
Question: Complete the pattern: 100, 90, 80, 70, ...?
Expected Answer: The next number is 60 because we subtract 10 at each step.
Student Answer: I don't know the answer to this question.
Evaluate the student's answer. Return: marks out of 5, feedback, and evaluation_parameter.",0/5 | Parameter: Missing Knowledge | Feedback: This answer needs more effort and a clearer understanding of the topic.
maths,chapter_7,Can You See the Pattern?,What is a magic square?,"A magic square is a grid of numbers where the sum of numbers in each row, column, and diagonal is the same.","A magic square is a grid of numbers where the sum of numbers in each row, column, and diagonal is the same.",5,5,Excellent answer! You explained the concept of Can You See the Pattern? very clearly.,Conceptual Understanding & Factual Accuracy,"Subject: maths
Chapter: Can You See the Pattern?
Question: What is a magic square?
Expected Answer: A magic square is a grid of numbers where the sum of numbers in each row, column, and diagonal is the same.
Student Answer: A magic square is a grid of numbers where the sum of numbers in each row, column, and diagonal is the same.
Evaluate the student's answer. Return: marks out of 5, feedback, and evaluation_parameter.",5/5 | Parameter: Conceptual Understanding & Factual Accuracy | Feedback: Excellent answer! You explained the concept of Can You See the Pattern? very clearly.
maths,chapter_7,Can You See the Pattern?,What is a magic square?,"A magic square is a grid of numbers where the sum of numbers in each row, column, and diagonal is the same.",A magic square is a grid of numbers where the sum.,3,5,"Good attempt. You mentioned some correct points, but please add more details for a complete explanation.",Incomplete Explanation,"Subject: maths
Chapter: Can You See the Pattern?
Question: What is a magic square?
Expected Answer: A magic square is a grid of numbers where the sum of numbers in each row, column, and diagonal is the same.
Student Answer: A magic square is a grid of numbers where the sum.
Evaluate the student's answer. Return: marks out of 5, feedback, and evaluation_parameter.","3/5 | Parameter: Incomplete Explanation | Feedback: Good attempt. You mentioned some correct points, but please add more details for a complete explanation."
maths,chapter_7,Can You See the Pattern?,What is a magic square?,"A magic square is a grid of numbers where the sum of numbers in each row, column, and diagonal is the same.",I don't know the answer to this question.,0,5,This answer needs more effort and a clearer understanding of the topic.,Missing Knowledge,"Subject: maths
Chapter: Can You See the Pattern?
Question: What is a magic square?
Expected Answer: A magic square is a grid of numbers where the sum of numbers in each row, column, and diagonal is the same.
Student Answer: I don't know the answer to this question.
Evaluate the student's answer. Return: marks out of 5, feedback, and evaluation_parameter.",0/5 | Parameter: Missing Knowledge | Feedback: This answer needs more effort and a clearer understanding of the topic.
maths,chapter_8,Mapping Your Way,"On a map, 1 cm represents 2 km. If the distance between two towns is 5 cm on the map, what is the actual distance?",The actual distance is 10 km because 5 times 2 is 10.,The actual distance is 10 km because 5 times 2 is 10.,5,5,Excellent answer! You explained the concept of Mapping Your Way very clearly.,Conceptual Understanding & Factual Accuracy,"Subject: maths
Chapter: Mapping Your Way
Question: On a map, 1 cm represents 2 km. If the distance between two towns is 5 cm on the map, what is the actual distance?
Expected Answer: The actual distance is 10 km because 5 times 2 is 10.
Student Answer: The actual distance is 10 km because 5 times 2 is 10.
Evaluate the student's answer. Return: marks out of 5, feedback, and evaluation_parameter.",5/5 | Parameter: Conceptual Understanding & Factual Accuracy | Feedback: Excellent answer! You explained the concept of Mapping Your Way very clearly.
maths,chapter_8,Mapping Your Way,"On a map, 1 cm represents 2 km. If the distance between two towns is 5 cm on the map, what is the actual distance?",The actual distance is 10 km because 5 times 2 is 10.,The actual distance is 10 km.,3,5,"Good attempt. You mentioned some correct points, but please add more details for a complete explanation.",Incomplete Explanation,"Subject: maths
Chapter: Mapping Your Way
Question: On a map, 1 cm represents 2 km. If the distance between two towns is 5 cm on the map, what is the actual distance?
Expected Answer: The actual distance is 10 km because 5 times 2 is 10.
Student Answer: The actual distance is 10 km.
Evaluate the student's answer. Return: marks out of 5, feedback, and evaluation_parameter.","3/5 | Parameter: Incomplete Explanation | Feedback: Good attempt. You mentioned some correct points, but please add more details for a complete explanation."
maths,chapter_8,Mapping Your Way,"On a map, 1 cm represents 2 km. If the distance between two towns is 5 cm on the map, what is the actual distance?",The actual distance is 10 km because 5 times 2 is 10.,I don't know the answer to this question.,0,5,This answer needs more effort and a clearer understanding of the topic.,Missing Knowledge,"Subject: maths
Chapter: Mapping Your Way
Question: On a map, 1 cm represents 2 km. If the distance between two towns is 5 cm on the map, what is the actual distance?
Expected Answer: The actual distance is 10 km because 5 times 2 is 10.
Student Answer: I don't know the answer to this question.
Evaluate the student's answer. Return: marks out of 5, feedback, and evaluation_parameter.",0/5 | Parameter: Missing Knowledge | Feedback: This answer needs more effort and a clearer understanding of the topic.
maths,chapter_8,Mapping Your Way,What are the four main directions on a compass/map?,"The four main directions are North, South, East, and West.","The four main directions are North, South, East, and West.",5,5,Excellent answer! You explained the concept of Mapping Your Way very clearly.,Conceptual Understanding & Factual Accuracy,"Subject: maths
Chapter: Mapping Your Way
Question: What are the four main directions on a compass/map?
Expected Answer: The four main directions are North, South, East, and West.
Student Answer: The four main directions are North, South, East, and West.
Evaluate the student's answer. Return: marks out of 5, feedback, and evaluation_parameter.",5/5 | Parameter: Conceptual Understanding & Factual Accuracy | Feedback: Excellent answer! You explained the concept of Mapping Your Way very clearly.
maths,chapter_8,Mapping Your Way,What are the four main directions on a compass/map?,"The four main directions are North, South, East, and West.",The four main directions are.,3,5,"Good attempt. You mentioned some correct points, but please add more details for a complete explanation.",Incomplete Explanation,"Subject: maths
Chapter: Mapping Your Way
Question: What are the four main directions on a compass/map?
Expected Answer: The four main directions are North, South, East, and West.
Student Answer: The four main directions are.
Evaluate the student's answer. Return: marks out of 5, feedback, and evaluation_parameter.","3/5 | Parameter: Incomplete Explanation | Feedback: Good attempt. You mentioned some correct points, but please add more details for a complete explanation."
maths,chapter_8,Mapping Your Way,What are the four main directions on a compass/map?,"The four main directions are North, South, East, and West.",I don't know the answer to this question.,0,5,This answer needs more effort and a clearer understanding of the topic.,Missing Knowledge,"Subject: maths
Chapter: Mapping Your Way
Question: What are the four main directions on a compass/map?
Expected Answer: The four main directions are North, South, East, and West.
Student Answer: I don't know the answer to this question.
Evaluate the student's answer. Return: marks out of 5, feedback, and evaluation_parameter.",0/5 | Parameter: Missing Knowledge | Feedback: This answer needs more effort and a clearer understanding of the topic.
maths,chapter_8,Mapping Your Way,What does a map scale help us do?,A map scale helps us measure the actual distance between places using a scaled-down representation.,A map scale helps us measure the actual distance between places using a scaled-down representation.,5,5,Excellent answer! You explained the concept of Mapping Your Way very clearly.,Conceptual Understanding & Factual Accuracy,"Subject: maths
Chapter: Mapping Your Way
Question: What does a map scale help us do?
Expected Answer: A map scale helps us measure the actual distance between places using a scaled-down representation.
Student Answer: A map scale helps us measure the actual distance between places using a scaled-down representation.
Evaluate the student's answer. Return: marks out of 5, feedback, and evaluation_parameter.",5/5 | Parameter: Conceptual Understanding & Factual Accuracy | Feedback: Excellent answer! You explained the concept of Mapping Your Way very clearly.
maths,chapter_8,Mapping Your Way,What does a map scale help us do?,A map scale helps us measure the actual distance between places using a scaled-down representation.,A map scale helps us measure the.,3,5,"Good attempt. You mentioned some correct points, but please add more details for a complete explanation.",Incomplete Explanation,"Subject: maths
Chapter: Mapping Your Way
Question: What does a map scale help us do?
Expected Answer: A map scale helps us measure the actual distance between places using a scaled-down representation.
Student Answer: A map scale helps us measure the.
Evaluate the student's answer. Return: marks out of 5, feedback, and evaluation_parameter.","3/5 | Parameter: Incomplete Explanation | Feedback: Good attempt. You mentioned some correct points, but please add more details for a complete explanation."
maths,chapter_8,Mapping Your Way,What does a map scale help us do?,A map scale helps us measure the actual distance between places using a scaled-down representation.,I don't know the answer to this question.,0,5,This answer needs more effort and a clearer understanding of the topic.,Missing Knowledge,"Subject: maths
Chapter: Mapping Your Way
Question: What does a map scale help us do?
Expected Answer: A map scale helps us measure the actual distance between places using a scaled-down representation.
Student Answer: I don't know the answer to this question.
Evaluate the student's answer. Return: marks out of 5, feedback, and evaluation_parameter.",0/5 | Parameter: Missing Knowledge | Feedback: This answer needs more effort and a clearer understanding of the topic.
evs,chapter_1,Super Senses,Name two animals that have a very strong sense of smell.,Dogs and ants have an exceptionally strong sense of smell to track food and paths.,Dogs and ants have an exceptionally strong sense of smell to track food and paths.,5,5,Excellent answer! You explained the concept of Super Senses very clearly.,Conceptual Understanding & Factual Accuracy,"Subject: evs
Chapter: Super Senses
Question: Name two animals that have a very strong sense of smell.
Expected Answer: Dogs and ants have an exceptionally strong sense of smell to track food and paths.
Student Answer: Dogs and ants have an exceptionally strong sense of smell to track food and paths.
Evaluate the student's answer. Return: marks out of 5, feedback, and evaluation_parameter.",5/5 | Parameter: Conceptual Understanding & Factual Accuracy | Feedback: Excellent answer! You explained the concept of Super Senses very clearly.
evs,chapter_1,Super Senses,Name two animals that have a very strong sense of smell.,Dogs and ants have an exceptionally strong sense of smell to track food and paths.,Dogs and ants have an exceptionally strong.,3,5,"Good attempt. You mentioned some correct points, but please add more details for a complete explanation.",Incomplete Explanation,"Subject: evs
Chapter: Super Senses
Question: Name two animals that have a very strong sense of smell.
Expected Answer: Dogs and ants have an exceptionally strong sense of smell to track food and paths.
Student Answer: Dogs and ants have an exceptionally strong.
Evaluate the student's answer. Return: marks out of 5, feedback, and evaluation_parameter.","3/5 | Parameter: Incomplete Explanation | Feedback: Good attempt. You mentioned some correct points, but please add more details for a complete explanation."
evs,chapter_1,Super Senses,Name two animals that have a very strong sense of smell.,Dogs and ants have an exceptionally strong sense of smell to track food and paths.,I don't know the answer to this question.,0,5,This answer needs more effort and a clearer understanding of the topic.,Missing Knowledge,"Subject: evs
Chapter: Super Senses
Question: Name two animals that have a very strong sense of smell.
Expected Answer: Dogs and ants have an exceptionally strong sense of smell to track food and paths.
Student Answer: I don't know the answer to this question.
Evaluate the student's answer. Return: marks out of 5, feedback, and evaluation_parameter.",0/5 | Parameter: Missing Knowledge | Feedback: This answer needs more effort and a clearer understanding of the topic.
evs,chapter_1,Super Senses,How do ants recognize their friends?,Ants recognize their friends by their group's unique chemical smell left on the ground.,Ants recognize their friends by their group's unique chemical smell left on the ground.,5,5,Excellent answer! You explained the concept of Super Senses very clearly.,Conceptual Understanding & Factual Accuracy,"Subject: evs
Chapter: Super Senses
Question: How do ants recognize their friends?
Expected Answer: Ants recognize their friends by their group's unique chemical smell left on the ground.
Student Answer: Ants recognize their friends by their group's unique chemical smell left on the ground.
Evaluate the student's answer. Return: marks out of 5, feedback, and evaluation_parameter.",5/5 | Parameter: Conceptual Understanding & Factual Accuracy | Feedback: Excellent answer! You explained the concept of Super Senses very clearly.
evs,chapter_1,Super Senses,How do ants recognize their friends?,Ants recognize their friends by their group's unique chemical smell left on the ground.,Ants recognize their friends by their group's.,3,5,"Good attempt. You mentioned some correct points, but please add more details for a complete explanation.",Incomplete Explanation,"Subject: evs
Chapter: Super Senses
Question: How do ants recognize their friends?
Expected Answer: Ants recognize their friends by their group's unique chemical smell left on the ground.
Student Answer: Ants recognize their friends by their group's.
Evaluate the student's answer. Return: marks out of 5, feedback, and evaluation_parameter.","3/5 | Parameter: Incomplete Explanation | Feedback: Good attempt. You mentioned some correct points, but please add more details for a complete explanation."
evs,chapter_1,Super Senses,How do ants recognize their friends?,Ants recognize their friends by their group's unique chemical smell left on the ground.,I don't know the answer to this question.,0,5,This answer needs more effort and a clearer understanding of the topic.,Missing Knowledge,"Subject: evs
Chapter: Super Senses
Question: How do ants recognize their friends?
Expected Answer: Ants recognize their friends by their group's unique chemical smell left on the ground.
Student Answer: I don't know the answer to this question.
Evaluate the student's answer. Return: marks out of 5, feedback, and evaluation_parameter.",0/5 | Parameter: Missing Knowledge | Feedback: This answer needs more effort and a clearer understanding of the topic.
evs,chapter_1,Super Senses,Why do birds move their necks very often?,Birds move their necks because their eyes are fixed and cannot move in their sockets.,Birds move their necks because their eyes are fixed and cannot move in their sockets.,5,5,Excellent answer! You explained the concept of Super Senses very clearly.,Conceptual Understanding & Factual Accuracy,"Subject: evs
Chapter: Super Senses
Question: Why do birds move their necks very often?
Expected Answer: Birds move their necks because their eyes are fixed and cannot move in their sockets.
Student Answer: Birds move their necks because their eyes are fixed and cannot move in their sockets.
Evaluate the student's answer. Return: marks out of 5, feedback, and evaluation_parameter.",5/5 | Parameter: Conceptual Understanding & Factual Accuracy | Feedback: Excellent answer! You explained the concept of Super Senses very clearly.
evs,chapter_1,Super Senses,Why do birds move their necks very often?,Birds move their necks because their eyes are fixed and cannot move in their sockets.,Birds move their necks because their eyes.,3,5,"Good attempt. You mentioned some correct points, but please add more details for a complete explanation.",Incomplete Explanation,"Subject: evs
Chapter: Super Senses
Question: Why do birds move their necks very often?
Expected Answer: Birds move their necks because their eyes are fixed and cannot move in their sockets.
Student Answer: Birds move their necks because their eyes.
Evaluate the student's answer. Return: marks out of 5, feedback, and evaluation_parameter.","3/5 | Parameter: Incomplete Explanation | Feedback: Good attempt. You mentioned some correct points, but please add more details for a complete explanation."
evs,chapter_1,Super Senses,Why do birds move their necks very often?,Birds move their necks because their eyes are fixed and cannot move in their sockets.,I don't know the answer to this question.,0,5,This answer needs more effort and a clearer understanding of the topic.,Missing Knowledge,"Subject: evs
Chapter: Super Senses
Question: Why do birds move their necks very often?
Expected Answer: Birds move their necks because their eyes are fixed and cannot move in their sockets.
Student Answer: I don't know the answer to this question.
Evaluate the student's answer. Return: marks out of 5, feedback, and evaluation_parameter.",0/5 | Parameter: Missing Knowledge | Feedback: This answer needs more effort and a clearer understanding of the topic.
evs,chapter_1,Super Senses,Which animal can feel vibrations on the ground through its skin?,Snakes feel vibrations on the ground because they do not have external ears.,Snakes feel vibrations on the ground because they do not have external ears.,5,5,Excellent answer! You explained the concept of Super Senses very clearly.,Conceptual Understanding & Factual Accuracy,"Subject: evs
Chapter: Super Senses
Question: Which animal can feel vibrations on the ground through its skin?
Expected Answer: Snakes feel vibrations on the ground because they do not have external ears.
Student Answer: Snakes feel vibrations on the ground because they do not have external ears.
Evaluate the student's answer. Return: marks out of 5, feedback, and evaluation_parameter.",5/5 | Parameter: Conceptual Understanding & Factual Accuracy | Feedback: Excellent answer! You explained the concept of Super Senses very clearly.
evs,chapter_1,Super Senses,Which animal can feel vibrations on the ground through its skin?,Snakes feel vibrations on the ground because they do not have external ears.,Snakes feel vibrations on the ground.,3,5,"Good attempt. You mentioned some correct points, but please add more details for a complete explanation.",Incomplete Explanation,"Subject: evs
Chapter: Super Senses
Question: Which animal can feel vibrations on the ground through its skin?
Expected Answer: Snakes feel vibrations on the ground because they do not have external ears.
Student Answer: Snakes feel vibrations on the ground.
Evaluate the student's answer. Return: marks out of 5, feedback, and evaluation_parameter.","3/5 | Parameter: Incomplete Explanation | Feedback: Good attempt. You mentioned some correct points, but please add more details for a complete explanation."
evs,chapter_1,Super Senses,Which animal can feel vibrations on the ground through its skin?,Snakes feel vibrations on the ground because they do not have external ears.,I don't know the answer to this question.,0,5,This answer needs more effort and a clearer understanding of the topic.,Missing Knowledge,"Subject: evs
Chapter: Super Senses
Question: Which animal can feel vibrations on the ground through its skin?
Expected Answer: Snakes feel vibrations on the ground because they do not have external ears.
Student Answer: I don't know the answer to this question.
Evaluate the student's answer. Return: marks out of 5, feedback, and evaluation_parameter.",0/5 | Parameter: Missing Knowledge | Feedback: This answer needs more effort and a clearer understanding of the topic.
evs,chapter_2,A Snake Charmer's Story,Who are Kalbeliyas?,Kalbeliyas are nomadic people famous for their snake-charming skills and traditional snake dances.,Kalbeliyas are nomadic people famous for their snake-charming skills and traditional snake dances.,5,5,Excellent answer! You explained the concept of A Snake Charmer's Story very clearly.,Conceptual Understanding & Factual Accuracy,"Subject: evs
Chapter: A Snake Charmer's Story
Question: Who are Kalbeliyas?
Expected Answer: Kalbeliyas are nomadic people famous for their snake-charming skills and traditional snake dances.
Student Answer: Kalbeliyas are nomadic people famous for their snake-charming skills and traditional snake dances.
Evaluate the student's answer. Return: marks out of 5, feedback, and evaluation_parameter.",5/5 | Parameter: Conceptual Understanding & Factual Accuracy | Feedback: Excellent answer! You explained the concept of A Snake Charmer's Story very clearly.
evs,chapter_2,A Snake Charmer's Story,Who are Kalbeliyas?,Kalbeliyas are nomadic people famous for their snake-charming skills and traditional snake dances.,Kalbeliyas are nomadic people famous for.,3,5,"Good attempt. You mentioned some correct points, but please add more details for a complete explanation.",Incomplete Explanation,"Subject: evs
Chapter: A Snake Charmer's Story
Question: Who are Kalbeliyas?
Expected Answer: Kalbeliyas are nomadic people famous for their snake-charming skills and traditional snake dances.
Student Answer: Kalbeliyas are nomadic people famous for.
Evaluate the student's answer. Return: marks out of 5, feedback, and evaluation_parameter.","3/5 | Parameter: Incomplete Explanation | Feedback: Good attempt. You mentioned some correct points, but please add more details for a complete explanation."
evs,chapter_2,A Snake Charmer's Story,Who are Kalbeliyas?,Kalbeliyas are nomadic people famous for their snake-charming skills and traditional snake dances.,I don't know the answer to this question.,0,5,This answer needs more effort and a clearer understanding of the topic.,Missing Knowledge,"Subject: evs
Chapter: A Snake Charmer's Story
Question: Who are Kalbeliyas?
Expected Answer: Kalbeliyas are nomadic people famous for their snake-charming skills and traditional snake dances.
Student Answer: I don't know the answer to this question.
Evaluate the student's answer. Return: marks out of 5, feedback, and evaluation_parameter.",0/5 | Parameter: Missing Knowledge | Feedback: This answer needs more effort and a clearer understanding of the topic.
evs,chapter_2,A Snake Charmer's Story,Which musical instrument is played by snake charmers to make snakes dance?,Snake charmers play the been to make snakes sway to its movements.,Snake charmers play the been to make snakes sway to its movements.,5,5,Excellent answer! You explained the concept of A Snake Charmer's Story very clearly.,Conceptual Understanding & Factual Accuracy,"Subject: evs
Chapter: A Snake Charmer's Story
Question: Which musical instrument is played by snake charmers to make snakes dance?
Expected Answer: Snake charmers play the been to make snakes sway to its movements.
Student Answer: Snake charmers play the been to make snakes sway to its movements.
Evaluate the student's answer. Return: marks out of 5, feedback, and evaluation_parameter.",5/5 | Parameter: Conceptual Understanding & Factual Accuracy | Feedback: Excellent answer! You explained the concept of A Snake Charmer's Story very clearly.
evs,chapter_2,A Snake Charmer's Story,Which musical instrument is played by snake charmers to make snakes dance?,Snake charmers play the been to make snakes sway to its movements.,Snake charmers play the been to.,3,5,"Good attempt. You mentioned some correct points, but please add more details for a complete explanation.",Incomplete Explanation,"Subject: evs
Chapter: A Snake Charmer's Story
Question: Which musical instrument is played by snake charmers to make snakes dance?
Expected Answer: Snake charmers play the been to make snakes sway to its movements.
Student Answer: Snake charmers play the been to.
Evaluate the student's answer. Return: marks out of 5, feedback, and evaluation_parameter.","3/5 | Parameter: Incomplete Explanation | Feedback: Good attempt. You mentioned some correct points, but please add more details for a complete explanation."
evs,chapter_2,A Snake Charmer's Story,Which musical instrument is played by snake charmers to make snakes dance?,Snake charmers play the been to make snakes sway to its movements.,I don't know the answer to this question.,0,5,This answer needs more effort and a clearer understanding of the topic.,Missing Knowledge,"Subject: evs
Chapter: A Snake Charmer's Story
Question: Which musical instrument is played by snake charmers to make snakes dance?
Expected Answer: Snake charmers play the been to make snakes sway to its movements.
Student Answer: I don't know the answer to this question.
Evaluate the student's answer. Return: marks out of 5, feedback, and evaluation_parameter.",0/5 | Parameter: Missing Knowledge | Feedback: This answer needs more effort and a clearer understanding of the topic.
evs,chapter_2,A Snake Charmer's Story,Why are snakes called friends of farmers?,"They are friends because they eat rats in the fields, which prevents damage to crops.","They are friends because they eat rats in the fields, which prevents damage to crops.",5,5,Excellent answer! You explained the concept of A Snake Charmer's Story very clearly.,Conceptual Understanding & Factual Accuracy,"Subject: evs
Chapter: A Snake Charmer's Story
Question: Why are snakes called friends of farmers?
Expected Answer: They are friends because they eat rats in the fields, which prevents damage to crops.
Student Answer: They are friends because they eat rats in the fields, which prevents damage to crops.
Evaluate the student's answer. Return: marks out of 5, feedback, and evaluation_parameter.",5/5 | Parameter: Conceptual Understanding & Factual Accuracy | Feedback: Excellent answer! You explained the concept of A Snake Charmer's Story very clearly.
evs,chapter_2,A Snake Charmer's Story,Why are snakes called friends of farmers?,"They are friends because they eat rats in the fields, which prevents damage to crops.",They are friends because they eat rats.,3,5,"Good attempt. You mentioned some correct points, but please add more details for a complete explanation.",Incomplete Explanation,"Subject: evs
Chapter: A Snake Charmer's Story
Question: Why are snakes called friends of farmers?
Expected Answer: They are friends because they eat rats in the fields, which prevents damage to crops.
Student Answer: They are friends because they eat rats.
Evaluate the student's answer. Return: marks out of 5, feedback, and evaluation_parameter.","3/5 | Parameter: Incomplete Explanation | Feedback: Good attempt. You mentioned some correct points, but please add more details for a complete explanation."
evs,chapter_2,A Snake Charmer's Story,Why are snakes called friends of farmers?,"They are friends because they eat rats in the fields, which prevents damage to crops.",I don't know the answer to this question.,0,5,This answer needs more effort and a clearer understanding of the topic.,Missing Knowledge,"Subject: evs
Chapter: A Snake Charmer's Story
Question: Why are snakes called friends of farmers?
Expected Answer: They are friends because they eat rats in the fields, which prevents damage to crops.
Student Answer: I don't know the answer to this question.
Evaluate the student's answer. Return: marks out of 5, feedback, and evaluation_parameter.",0/5 | Parameter: Missing Knowledge | Feedback: This answer needs more effort and a clearer understanding of the topic.
evs,chapter_3,From Tasting to Digesting,Where does digestion of food start in our body?,Digestion of food starts in our mouth with the help of saliva.,Digestion of food starts in our mouth with the help of saliva.,5,5,Excellent answer! You explained the concept of From Tasting to Digesting very clearly.,Conceptual Understanding & Factual Accuracy,"Subject: evs
Chapter: From Tasting to Digesting
Question: Where does digestion of food start in our body?
Expected Answer: Digestion of food starts in our mouth with the help of saliva.
Student Answer: Digestion of food starts in our mouth with the help of saliva.
Evaluate the student's answer. Return: marks out of 5, feedback, and evaluation_parameter.",5/5 | Parameter: Conceptual Understanding & Factual Accuracy | Feedback: Excellent answer! You explained the concept of From Tasting to Digesting very clearly.
evs,chapter_3,From Tasting to Digesting,Where does digestion of food start in our body?,Digestion of food starts in our mouth with the help of saliva.,Digestion of food starts in our.,3,5,"Good attempt. You mentioned some correct points, but please add more details for a complete explanation.",Incomplete Explanation,"Subject: evs
Chapter: From Tasting to Digesting
Question: Where does digestion of food start in our body?
Expected Answer: Digestion of food starts in our mouth with the help of saliva.
Student Answer: Digestion of food starts in our.
Evaluate the student's answer. Return: marks out of 5, feedback, and evaluation_parameter.","3/5 | Parameter: Incomplete Explanation | Feedback: Good attempt. You mentioned some correct points, but please add more details for a complete explanation."
evs,chapter_3,From Tasting to Digesting,Where does digestion of food start in our body?,Digestion of food starts in our mouth with the help of saliva.,I don't know the answer to this question.,0,5,This answer needs more effort and a clearer understanding of the topic.,Missing Knowledge,"Subject: evs
Chapter: From Tasting to Digesting
Question: Where does digestion of food start in our body?
Expected Answer: Digestion of food starts in our mouth with the help of saliva.
Student Answer: I don't know the answer to this question.
Evaluate the student's answer. Return: marks out of 5, feedback, and evaluation_parameter.",0/5 | Parameter: Missing Knowledge | Feedback: This answer needs more effort and a clearer understanding of the topic.
evs,chapter_3,From Tasting to Digesting,What is the function of saliva in digestion?,Saliva softens food and breaks down starch into simple sugars.,Saliva softens food and breaks down starch into simple sugars.,5,5,Excellent answer! You explained the concept of From Tasting to Digesting very clearly.,Conceptual Understanding & Factual Accuracy,"Subject: evs
Chapter: From Tasting to Digesting
Question: What is the function of saliva in digestion?
Expected Answer: Saliva softens food and breaks down starch into simple sugars.
Student Answer: Saliva softens food and breaks down starch into simple sugars.
Evaluate the student's answer. Return: marks out of 5, feedback, and evaluation_parameter.",5/5 | Parameter: Conceptual Understanding & Factual Accuracy | Feedback: Excellent answer! You explained the concept of From Tasting to Digesting very clearly.
evs,chapter_3,From Tasting to Digesting,What is the function of saliva in digestion?,Saliva softens food and breaks down starch into simple sugars.,Saliva softens food and breaks.,3,5,"Good attempt. You mentioned some correct points, but please add more details for a complete explanation.",Incomplete Explanation,"Subject: evs
Chapter: From Tasting to Digesting
Question: What is the function of saliva in digestion?
Expected Answer: Saliva softens food and breaks down starch into simple sugars.
Student Answer: Saliva softens food and breaks.
Evaluate the student's answer. Return: marks out of 5, feedback, and evaluation_parameter.","3/5 | Parameter: Incomplete Explanation | Feedback: Good attempt. You mentioned some correct points, but please add more details for a complete explanation."
evs,chapter_3,From Tasting to Digesting,What is the function of saliva in digestion?,Saliva softens food and breaks down starch into simple sugars.,I don't know the answer to this question.,0,5,This answer needs more effort and a clearer understanding of the topic.,Missing Knowledge,"Subject: evs
Chapter: From Tasting to Digesting
Question: What is the function of saliva in digestion?
Expected Answer: Saliva softens food and breaks down starch into simple sugars.
Student Answer: I don't know the answer to this question.
Evaluate the student's answer. Return: marks out of 5, feedback, and evaluation_parameter.",0/5 | Parameter: Missing Knowledge | Feedback: This answer needs more effort and a clearer understanding of the topic.
evs,chapter_3,From Tasting to Digesting,What is glucose drip given for?,A glucose drip is given to provide instant energy and strength to a weak patient.,A glucose drip is given to provide instant energy and strength to a weak patient.,5,5,Excellent answer! You explained the concept of From Tasting to Digesting very clearly.,Conceptual Understanding & Factual Accuracy,"Subject: evs
Chapter: From Tasting to Digesting
Question: What is glucose drip given for?
Expected Answer: A glucose drip is given to provide instant energy and strength to a weak patient.
Student Answer: A glucose drip is given to provide instant energy and strength to a weak patient.
Evaluate the student's answer. Return: marks out of 5, feedback, and evaluation_parameter.",5/5 | Parameter: Conceptual Understanding & Factual Accuracy | Feedback: Excellent answer! You explained the concept of From Tasting to Digesting very clearly.
evs,chapter_3,From Tasting to Digesting,What is glucose drip given for?,A glucose drip is given to provide instant energy and strength to a weak patient.,A glucose drip is given to provide.,3,5,"Good attempt. You mentioned some correct points, but please add more details for a complete explanation.",Incomplete Explanation,"Subject: evs
Chapter: From Tasting to Digesting
Question: What is glucose drip given for?
Expected Answer: A glucose drip is given to provide instant energy and strength to a weak patient.
Student Answer: A glucose drip is given to provide.
Evaluate the student's answer. Return: marks out of 5, feedback, and evaluation_parameter.","3/5 | Parameter: Incomplete Explanation | Feedback: Good attempt. You mentioned some correct points, but please add more details for a complete explanation."
evs,chapter_3,From Tasting to Digesting,What is glucose drip given for?,A glucose drip is given to provide instant energy and strength to a weak patient.,I don't know the answer to this question.,0,5,This answer needs more effort and a clearer understanding of the topic.,Missing Knowledge,"Subject: evs
Chapter: From Tasting to Digesting
Question: What is glucose drip given for?
Expected Answer: A glucose drip is given to provide instant energy and strength to a weak patient.
Student Answer: I don't know the answer to this question.
Evaluate the student's answer. Return: marks out of 5, feedback, and evaluation_parameter.",0/5 | Parameter: Missing Knowledge | Feedback: This answer needs more effort and a clearer understanding of the topic.
evs,chapter_4,Mangoes Round the Year,What is Mamidi Tandra?,Mamidi Tandra is a traditional sweet mango jelly made in Andhra Pradesh using mango pulp and sugar.,Mamidi Tandra is a traditional sweet mango jelly made in Andhra Pradesh using mango pulp and sugar.,5,5,Excellent answer! You explained the concept of Mangoes Round the Year very clearly.,Conceptual Understanding & Factual Accuracy,"Subject: evs
Chapter: Mangoes Round the Year
Question: What is Mamidi Tandra?
Expected Answer: Mamidi Tandra is a traditional sweet mango jelly made in Andhra Pradesh using mango pulp and sugar.
Student Answer: Mamidi Tandra is a traditional sweet mango jelly made in Andhra Pradesh using mango pulp and sugar.
Evaluate the student's answer. Return: marks out of 5, feedback, and evaluation_parameter.",5/5 | Parameter: Conceptual Understanding & Factual Accuracy | Feedback: Excellent answer! You explained the concept of Mangoes Round the Year very clearly.
evs,chapter_4,Mangoes Round the Year,What is Mamidi Tandra?,Mamidi Tandra is a traditional sweet mango jelly made in Andhra Pradesh using mango pulp and sugar.,Mamidi Tandra is a traditional sweet mango jelly.,3,5,"Good attempt. You mentioned some correct points, but please add more details for a complete explanation.",Incomplete Explanation,"Subject: evs
Chapter: Mangoes Round the Year
Question: What is Mamidi Tandra?
Expected Answer: Mamidi Tandra is a traditional sweet mango jelly made in Andhra Pradesh using mango pulp and sugar.
Student Answer: Mamidi Tandra is a traditional sweet mango jelly.
Evaluate the student's answer. Return: marks out of 5, feedback, and evaluation_parameter.","3/5 | Parameter: Incomplete Explanation | Feedback: Good attempt. You mentioned some correct points, but please add more details for a complete explanation."
evs,chapter_4,Mangoes Round the Year,What is Mamidi Tandra?,Mamidi Tandra is a traditional sweet mango jelly made in Andhra Pradesh using mango pulp and sugar.,I don't know the answer to this question.,0,5,This answer needs more effort and a clearer understanding of the topic.,Missing Knowledge,"Subject: evs
Chapter: Mangoes Round the Year
Question: What is Mamidi Tandra?
Expected Answer: Mamidi Tandra is a traditional sweet mango jelly made in Andhra Pradesh using mango pulp and sugar.
Student Answer: I don't know the answer to this question.
Evaluate the student's answer. Return: marks out of 5, feedback, and evaluation_parameter.",0/5 | Parameter: Missing Knowledge | Feedback: This answer needs more effort and a clearer understanding of the topic.
evs,chapter_4,Mangoes Round the Year,Why do we preserve food items?,"We preserve food to prevent the growth of bacteria and fungus, keeping it fresh for a longer time.","We preserve food to prevent the growth of bacteria and fungus, keeping it fresh for a longer time.",5,5,Excellent answer! You explained the concept of Mangoes Round the Year very clearly.,Conceptual Understanding & Factual Accuracy,"Subject: evs
Chapter: Mangoes Round the Year
Question: Why do we preserve food items?
Expected Answer: We preserve food to prevent the growth of bacteria and fungus, keeping it fresh for a longer time.
Student Answer: We preserve food to prevent the growth of bacteria and fungus, keeping it fresh for a longer time.
Evaluate the student's answer. Return: marks out of 5, feedback, and evaluation_parameter.",5/5 | Parameter: Conceptual Understanding & Factual Accuracy | Feedback: Excellent answer! You explained the concept of Mangoes Round the Year very clearly.
evs,chapter_4,Mangoes Round the Year,Why do we preserve food items?,"We preserve food to prevent the growth of bacteria and fungus, keeping it fresh for a longer time.",We preserve food to prevent the growth of bacteria.,3,5,"Good attempt. You mentioned some correct points, but please add more details for a complete explanation.",Incomplete Explanation,"Subject: evs
Chapter: Mangoes Round the Year
Question: Why do we preserve food items?
Expected Answer: We preserve food to prevent the growth of bacteria and fungus, keeping it fresh for a longer time.
Student Answer: We preserve food to prevent the growth of bacteria.
Evaluate the student's answer. Return: marks out of 5, feedback, and evaluation_parameter.","3/5 | Parameter: Incomplete Explanation | Feedback: Good attempt. You mentioned some correct points, but please add more details for a complete explanation."
evs,chapter_4,Mangoes Round the Year,Why do we preserve food items?,"We preserve food to prevent the growth of bacteria and fungus, keeping it fresh for a longer time.",I don't know the answer to this question.,0,5,This answer needs more effort and a clearer understanding of the topic.,Missing Knowledge,"Subject: evs
Chapter: Mangoes Round the Year
Question: Why do we preserve food items?
Expected Answer: We preserve food to prevent the growth of bacteria and fungus, keeping it fresh for a longer time.
Student Answer: I don't know the answer to this question.
Evaluate the student's answer. Return: marks out of 5, feedback, and evaluation_parameter.",0/5 | Parameter: Missing Knowledge | Feedback: This answer needs more effort and a clearer understanding of the topic.
evs,chapter_4,Mangoes Round the Year,Name two methods of food preservation.,Two methods are drying (dehydration) and pickling using oil and salt.,Two methods are drying (dehydration) and pickling using oil and salt.,5,5,Excellent answer! You explained the concept of Mangoes Round the Year very clearly.,Conceptual Understanding & Factual Accuracy,"Subject: evs
Chapter: Mangoes Round the Year
Question: Name two methods of food preservation.
Expected Answer: Two methods are drying (dehydration) and pickling using oil and salt.
Student Answer: Two methods are drying (dehydration) and pickling using oil and salt.
Evaluate the student's answer. Return: marks out of 5, feedback, and evaluation_parameter.",5/5 | Parameter: Conceptual Understanding & Factual Accuracy | Feedback: Excellent answer! You explained the concept of Mangoes Round the Year very clearly.
evs,chapter_4,Mangoes Round the Year,Name two methods of food preservation.,Two methods are drying (dehydration) and pickling using oil and salt.,Two methods are drying (dehydration).,3,5,"Good attempt. You mentioned some correct points, but please add more details for a complete explanation.",Incomplete Explanation,"Subject: evs
Chapter: Mangoes Round the Year
Question: Name two methods of food preservation.
Expected Answer: Two methods are drying (dehydration) and pickling using oil and salt.
Student Answer: Two methods are drying (dehydration).
Evaluate the student's answer. Return: marks out of 5, feedback, and evaluation_parameter.","3/5 | Parameter: Incomplete Explanation | Feedback: Good attempt. You mentioned some correct points, but please add more details for a complete explanation."
evs,chapter_4,Mangoes Round the Year,Name two methods of food preservation.,Two methods are drying (dehydration) and pickling using oil and salt.,I don't know the answer to this question.,0,5,This answer needs more effort and a clearer understanding of the topic.,Missing Knowledge,"Subject: evs
Chapter: Mangoes Round the Year
Question: Name two methods of food preservation.
Expected Answer: Two methods are drying (dehydration) and pickling using oil and salt.
Student Answer: I don't know the answer to this question.
Evaluate the student's answer. Return: marks out of 5, feedback, and evaluation_parameter.",0/5 | Parameter: Missing Knowledge | Feedback: This answer needs more effort and a clearer understanding of the topic.
evs,chapter_5,Seeds and Seeds,Name the conditions required for a seed to sprout.,"A seed requires air, water, and warm temperature to sprout or germinate.","A seed requires air, water, and warm temperature to sprout or germinate.",5,5,Excellent answer! You explained the concept of Seeds and Seeds very clearly.,Conceptual Understanding & Factual Accuracy,"Subject: evs
Chapter: Seeds and Seeds
Question: Name the conditions required for a seed to sprout.
Expected Answer: A seed requires air, water, and warm temperature to sprout or germinate.
Student Answer: A seed requires air, water, and warm temperature to sprout or germinate.
Evaluate the student's answer. Return: marks out of 5, feedback, and evaluation_parameter.",5/5 | Parameter: Conceptual Understanding & Factual Accuracy | Feedback: Excellent answer! You explained the concept of Seeds and Seeds very clearly.
evs,chapter_5,Seeds and Seeds,Name the conditions required for a seed to sprout.,"A seed requires air, water, and warm temperature to sprout or germinate.","A seed requires air, water, and.",3,5,"Good attempt. You mentioned some correct points, but please add more details for a complete explanation.",Incomplete Explanation,"Subject: evs
Chapter: Seeds and Seeds
Question: Name the conditions required for a seed to sprout.
Expected Answer: A seed requires air, water, and warm temperature to sprout or germinate.
Student Answer: A seed requires air, water, and.
Evaluate the student's answer. Return: marks out of 5, feedback, and evaluation_parameter.","3/5 | Parameter: Incomplete Explanation | Feedback: Good attempt. You mentioned some correct points, but please add more details for a complete explanation."
evs,chapter_5,Seeds and Seeds,Name the conditions required for a seed to sprout.,"A seed requires air, water, and warm temperature to sprout or germinate.",I don't know the answer to this question.,0,5,This answer needs more effort and a clearer understanding of the topic.,Missing Knowledge,"Subject: evs
Chapter: Seeds and Seeds
Question: Name the conditions required for a seed to sprout.
Expected Answer: A seed requires air, water, and warm temperature to sprout or germinate.
Student Answer: I don't know the answer to this question.
Evaluate the student's answer. Return: marks out of 5, feedback, and evaluation_parameter.",0/5 | Parameter: Missing Knowledge | Feedback: This answer needs more effort and a clearer understanding of the topic.
evs,chapter_5,Seeds and Seeds,What is a pitcher plant (Nepenthes)?,"A pitcher plant is an insect-eating plant that traps frogs, insects, and mice using a sweet smell.","A pitcher plant is an insect-eating plant that traps frogs, insects, and mice using a sweet smell.",5,5,Excellent answer! You explained the concept of Seeds and Seeds very clearly.,Conceptual Understanding & Factual Accuracy,"Subject: evs
Chapter: Seeds and Seeds
Question: What is a pitcher plant (Nepenthes)?
Expected Answer: A pitcher plant is an insect-eating plant that traps frogs, insects, and mice using a sweet smell.
Student Answer: A pitcher plant is an insect-eating plant that traps frogs, insects, and mice using a sweet smell.
Evaluate the student's answer. Return: marks out of 5, feedback, and evaluation_parameter.",5/5 | Parameter: Conceptual Understanding & Factual Accuracy | Feedback: Excellent answer! You explained the concept of Seeds and Seeds very clearly.
evs,chapter_5,Seeds and Seeds,What is a pitcher plant (Nepenthes)?,"A pitcher plant is an insect-eating plant that traps frogs, insects, and mice using a sweet smell.",A pitcher plant is an insect-eating plant that.,3,5,"Good attempt. You mentioned some correct points, but please add more details for a complete explanation.",Incomplete Explanation,"Subject: evs
Chapter: Seeds and Seeds
Question: What is a pitcher plant (Nepenthes)?
Expected Answer: A pitcher plant is an insect-eating plant that traps frogs, insects, and mice using a sweet smell.
Student Answer: A pitcher plant is an insect-eating plant that.
Evaluate the student's answer. Return: marks out of 5, feedback, and evaluation_parameter.","3/5 | Parameter: Incomplete Explanation | Feedback: Good attempt. You mentioned some correct points, but please add more details for a complete explanation."
evs,chapter_5,Seeds and Seeds,What is a pitcher plant (Nepenthes)?,"A pitcher plant is an insect-eating plant that traps frogs, insects, and mice using a sweet smell.",I don't know the answer to this question.,0,5,This answer needs more effort and a clearer understanding of the topic.,Missing Knowledge,"Subject: evs
Chapter: Seeds and Seeds
Question: What is a pitcher plant (Nepenthes)?
Expected Answer: A pitcher plant is an insect-eating plant that traps frogs, insects, and mice using a sweet smell.
Student Answer: I don't know the answer to this question.
Evaluate the student's answer. Return: marks out of 5, feedback, and evaluation_parameter.",0/5 | Parameter: Missing Knowledge | Feedback: This answer needs more effort and a clearer understanding of the topic.
evs,chapter_5,Seeds and Seeds,How do seeds travel to far-off places?,"Seeds travel through wind, water, sticking to animal fur, or being eaten and dispersed by birds.","Seeds travel through wind, water, sticking to animal fur, or being eaten and dispersed by birds.",5,5,Excellent answer! You explained the concept of Seeds and Seeds very clearly.,Conceptual Understanding & Factual Accuracy,"Subject: evs
Chapter: Seeds and Seeds
Question: How do seeds travel to far-off places?
Expected Answer: Seeds travel through wind, water, sticking to animal fur, or being eaten and dispersed by birds.
Student Answer: Seeds travel through wind, water, sticking to animal fur, or being eaten and dispersed by birds.
Evaluate the student's answer. Return: marks out of 5, feedback, and evaluation_parameter.",5/5 | Parameter: Conceptual Understanding & Factual Accuracy | Feedback: Excellent answer! You explained the concept of Seeds and Seeds very clearly.
evs,chapter_5,Seeds and Seeds,How do seeds travel to far-off places?,"Seeds travel through wind, water, sticking to animal fur, or being eaten and dispersed by birds.","Seeds travel through wind, water, sticking to animal.",3,5,"Good attempt. You mentioned some correct points, but please add more details for a complete explanation.",Incomplete Explanation,"Subject: evs
Chapter: Seeds and Seeds
Question: How do seeds travel to far-off places?
Expected Answer: Seeds travel through wind, water, sticking to animal fur, or being eaten and dispersed by birds.
Student Answer: Seeds travel through wind, water, sticking to animal.
Evaluate the student's answer. Return: marks out of 5, feedback, and evaluation_parameter.","3/5 | Parameter: Incomplete Explanation | Feedback: Good attempt. You mentioned some correct points, but please add more details for a complete explanation."
evs,chapter_5,Seeds and Seeds,How do seeds travel to far-off places?,"Seeds travel through wind, water, sticking to animal fur, or being eaten and dispersed by birds.",I don't know the answer to this question.,0,5,This answer needs more effort and a clearer understanding of the topic.,Missing Knowledge,"Subject: evs
Chapter: Seeds and Seeds
Question: How do seeds travel to far-off places?
Expected Answer: Seeds travel through wind, water, sticking to animal fur, or being eaten and dispersed by birds.
Student Answer: I don't know the answer to this question.
Evaluate the student's answer. Return: marks out of 5, feedback, and evaluation_parameter.",0/5 | Parameter: Missing Knowledge | Feedback: This answer needs more effort and a clearer understanding of the topic.
evs,chapter_6,Every Drop Counts,What is a stepwell (Baoli)?,"A stepwell is a deep well with steps on all sides, allowing people to go down to fetch water.","A stepwell is a deep well with steps on all sides, allowing people to go down to fetch water.",5,5,Excellent answer! You explained the concept of Every Drop Counts very clearly.,Conceptual Understanding & Factual Accuracy,"Subject: evs
Chapter: Every Drop Counts
Question: What is a stepwell (Baoli)?
Expected Answer: A stepwell is a deep well with steps on all sides, allowing people to go down to fetch water.
Student Answer: A stepwell is a deep well with steps on all sides, allowing people to go down to fetch water.
Evaluate the student's answer. Return: marks out of 5, feedback, and evaluation_parameter.",5/5 | Parameter: Conceptual Understanding & Factual Accuracy | Feedback: Excellent answer! You explained the concept of Every Drop Counts very clearly.
evs,chapter_6,Every Drop Counts,What is a stepwell (Baoli)?,"A stepwell is a deep well with steps on all sides, allowing people to go down to fetch water.",A stepwell is a deep well with steps on.,3,5,"Good attempt. You mentioned some correct points, but please add more details for a complete explanation.",Incomplete Explanation,"Subject: evs
Chapter: Every Drop Counts
Question: What is a stepwell (Baoli)?
Expected Answer: A stepwell is a deep well with steps on all sides, allowing people to go down to fetch water.
Student Answer: A stepwell is a deep well with steps on.
Evaluate the student's answer. Return: marks out of 5, feedback, and evaluation_parameter.","3/5 | Parameter: Incomplete Explanation | Feedback: Good attempt. You mentioned some correct points, but please add more details for a complete explanation."
evs,chapter_6,Every Drop Counts,What is a stepwell (Baoli)?,"A stepwell is a deep well with steps on all sides, allowing people to go down to fetch water.",I don't know the answer to this question.,0,5,This answer needs more effort and a clearer understanding of the topic.,Missing Knowledge,"Subject: evs
Chapter: Every Drop Counts
Question: What is a stepwell (Baoli)?
Expected Answer: A stepwell is a deep well with steps on all sides, allowing people to go down to fetch water.
Student Answer: I don't know the answer to this question.
Evaluate the student's answer. Return: marks out of 5, feedback, and evaluation_parameter.",0/5 | Parameter: Missing Knowledge | Feedback: This answer needs more effort and a clearer understanding of the topic.
evs,chapter_6,Every Drop Counts,Who built the Ghadsisar lake and where is it?,King Ghadsi of Jaisalmer built the lake Ghadsisar in Rajasthan over 650 years ago.,King Ghadsi of Jaisalmer built the lake Ghadsisar in Rajasthan over 650 years ago.,5,5,Excellent answer! You explained the concept of Every Drop Counts very clearly.,Conceptual Understanding & Factual Accuracy,"Subject: evs
Chapter: Every Drop Counts
Question: Who built the Ghadsisar lake and where is it?
Expected Answer: King Ghadsi of Jaisalmer built the lake Ghadsisar in Rajasthan over 650 years ago.
Student Answer: King Ghadsi of Jaisalmer built the lake Ghadsisar in Rajasthan over 650 years ago.
Evaluate the student's answer. Return: marks out of 5, feedback, and evaluation_parameter.",5/5 | Parameter: Conceptual Understanding & Factual Accuracy | Feedback: Excellent answer! You explained the concept of Every Drop Counts very clearly.
evs,chapter_6,Every Drop Counts,Who built the Ghadsisar lake and where is it?,King Ghadsi of Jaisalmer built the lake Ghadsisar in Rajasthan over 650 years ago.,King Ghadsi of Jaisalmer built the lake.,3,5,"Good attempt. You mentioned some correct points, but please add more details for a complete explanation.",Incomplete Explanation,"Subject: evs
Chapter: Every Drop Counts
Question: Who built the Ghadsisar lake and where is it?
Expected Answer: King Ghadsi of Jaisalmer built the lake Ghadsisar in Rajasthan over 650 years ago.
Student Answer: King Ghadsi of Jaisalmer built the lake.
Evaluate the student's answer. Return: marks out of 5, feedback, and evaluation_parameter.","3/5 | Parameter: Incomplete Explanation | Feedback: Good attempt. You mentioned some correct points, but please add more details for a complete explanation."
evs,chapter_6,Every Drop Counts,Who built the Ghadsisar lake and where is it?,King Ghadsi of Jaisalmer built the lake Ghadsisar in Rajasthan over 650 years ago.,I don't know the answer to this question.,0,5,This answer needs more effort and a clearer understanding of the topic.,Missing Knowledge,"Subject: evs
Chapter: Every Drop Counts
Question: Who built the Ghadsisar lake and where is it?
Expected Answer: King Ghadsi of Jaisalmer built the lake Ghadsisar in Rajasthan over 650 years ago.
Student Answer: I don't know the answer to this question.
Evaluate the student's answer. Return: marks out of 5, feedback, and evaluation_parameter.",0/5 | Parameter: Missing Knowledge | Feedback: This answer needs more effort and a clearer understanding of the topic.
evs,chapter_6,Every Drop Counts,How is rainwater harvesting helpful?,Rainwater harvesting collects rain from roofs into underground tanks to recharge groundwater.,Rainwater harvesting collects rain from roofs into underground tanks to recharge groundwater.,5,5,Excellent answer! You explained the concept of Every Drop Counts very clearly.,Conceptual Understanding & Factual Accuracy,"Subject: evs
Chapter: Every Drop Counts
Question: How is rainwater harvesting helpful?
Expected Answer: Rainwater harvesting collects rain from roofs into underground tanks to recharge groundwater.
Student Answer: Rainwater harvesting collects rain from roofs into underground tanks to recharge groundwater.
Evaluate the student's answer. Return: marks out of 5, feedback, and evaluation_parameter.",5/5 | Parameter: Conceptual Understanding & Factual Accuracy | Feedback: Excellent answer! You explained the concept of Every Drop Counts very clearly.
evs,chapter_6,Every Drop Counts,How is rainwater harvesting helpful?,Rainwater harvesting collects rain from roofs into underground tanks to recharge groundwater.,Rainwater harvesting collects rain from roofs.,3,5,"Good attempt. You mentioned some correct points, but please add more details for a complete explanation.",Incomplete Explanation,"Subject: evs
Chapter: Every Drop Counts
Question: How is rainwater harvesting helpful?
Expected Answer: Rainwater harvesting collects rain from roofs into underground tanks to recharge groundwater.
Student Answer: Rainwater harvesting collects rain from roofs.
Evaluate the student's answer. Return: marks out of 5, feedback, and evaluation_parameter.","3/5 | Parameter: Incomplete Explanation | Feedback: Good attempt. You mentioned some correct points, but please add more details for a complete explanation."
evs,chapter_6,Every Drop Counts,How is rainwater harvesting helpful?,Rainwater harvesting collects rain from roofs into underground tanks to recharge groundwater.,I don't know the answer to this question.,0,5,This answer needs more effort and a clearer understanding of the topic.,Missing Knowledge,"Subject: evs
Chapter: Every Drop Counts
Question: How is rainwater harvesting helpful?
Expected Answer: Rainwater harvesting collects rain from roofs into underground tanks to recharge groundwater.
Student Answer: I don't know the answer to this question.
Evaluate the student's answer. Return: marks out of 5, feedback, and evaluation_parameter.",0/5 | Parameter: Missing Knowledge | Feedback: This answer needs more effort and a clearer understanding of the topic.
evs,chapter_7,Experiments with Water,Why does an iron nail sink in water while a plastic bottle floats?,"An iron nail is denser than water so it sinks, while a plastic bottle is less dense and floats.","An iron nail is denser than water so it sinks, while a plastic bottle is less dense and floats.",5,5,Excellent answer! You explained the concept of Experiments with Water very clearly.,Conceptual Understanding & Factual Accuracy,"Subject: evs
Chapter: Experiments with Water
Question: Why does an iron nail sink in water while a plastic bottle floats?
Expected Answer: An iron nail is denser than water so it sinks, while a plastic bottle is less dense and floats.
Student Answer: An iron nail is denser than water so it sinks, while a plastic bottle is less dense and floats.
Evaluate the student's answer. Return: marks out of 5, feedback, and evaluation_parameter.",5/5 | Parameter: Conceptual Understanding & Factual Accuracy | Feedback: Excellent answer! You explained the concept of Experiments with Water very clearly.
evs,chapter_7,Experiments with Water,Why does an iron nail sink in water while a plastic bottle floats?,"An iron nail is denser than water so it sinks, while a plastic bottle is less dense and floats.",An iron nail is denser than water so it.,3,5,"Good attempt. You mentioned some correct points, but please add more details for a complete explanation.",Incomplete Explanation,"Subject: evs
Chapter: Experiments with Water
Question: Why does an iron nail sink in water while a plastic bottle floats?
Expected Answer: An iron nail is denser than water so it sinks, while a plastic bottle is less dense and floats.
Student Answer: An iron nail is denser than water so it.
Evaluate the student's answer. Return: marks out of 5, feedback, and evaluation_parameter.","3/5 | Parameter: Incomplete Explanation | Feedback: Good attempt. You mentioned some correct points, but please add more details for a complete explanation."
evs,chapter_7,Experiments with Water,Why does an iron nail sink in water while a plastic bottle floats?,"An iron nail is denser than water so it sinks, while a plastic bottle is less dense and floats.",I don't know the answer to this question.,0,5,This answer needs more effort and a clearer understanding of the topic.,Missing Knowledge,"Subject: evs
Chapter: Experiments with Water
Question: Why does an iron nail sink in water while a plastic bottle floats?
Expected Answer: An iron nail is denser than water so it sinks, while a plastic bottle is less dense and floats.
Student Answer: I don't know the answer to this question.
Evaluate the student's answer. Return: marks out of 5, feedback, and evaluation_parameter.",0/5 | Parameter: Missing Knowledge | Feedback: This answer needs more effort and a clearer understanding of the topic.
evs,chapter_7,Experiments with Water,What makes the Dead Sea special?,"The Dead Sea is extremely salty, containing 300g of salt per liter, which makes water so dense that humans float on it easily.","The Dead Sea is extremely salty, containing 300g of salt per liter, which makes water so dense that humans float on it easily.",5,5,Excellent answer! You explained the concept of Experiments with Water very clearly.,Conceptual Understanding & Factual Accuracy,"Subject: evs
Chapter: Experiments with Water
Question: What makes the Dead Sea special?
Expected Answer: The Dead Sea is extremely salty, containing 300g of salt per liter, which makes water so dense that humans float on it easily.
Student Answer: The Dead Sea is extremely salty, containing 300g of salt per liter, which makes water so dense that humans float on it easily.
Evaluate the student's answer. Return: marks out of 5, feedback, and evaluation_parameter.",5/5 | Parameter: Conceptual Understanding & Factual Accuracy | Feedback: Excellent answer! You explained the concept of Experiments with Water very clearly.
evs,chapter_7,Experiments with Water,What makes the Dead Sea special?,"The Dead Sea is extremely salty, containing 300g of salt per liter, which makes water so dense that humans float on it easily.","The Dead Sea is extremely salty, containing 300g of salt per.",3,5,"Good attempt. You mentioned some correct points, but please add more details for a complete explanation.",Incomplete Explanation,"Subject: evs
Chapter: Experiments with Water
Question: What makes the Dead Sea special?
Expected Answer: The Dead Sea is extremely salty, containing 300g of salt per liter, which makes water so dense that humans float on it easily.
Student Answer: The Dead Sea is extremely salty, containing 300g of salt per.
Evaluate the student's answer. Return: marks out of 5, feedback, and evaluation_parameter.","3/5 | Parameter: Incomplete Explanation | Feedback: Good attempt. You mentioned some correct points, but please add more details for a complete explanation."
evs,chapter_7,Experiments with Water,What makes the Dead Sea special?,"The Dead Sea is extremely salty, containing 300g of salt per liter, which makes water so dense that humans float on it easily.",I don't know the answer to this question.,0,5,This answer needs more effort and a clearer understanding of the topic.,Missing Knowledge,"Subject: evs
Chapter: Experiments with Water
Question: What makes the Dead Sea special?
Expected Answer: The Dead Sea is extremely salty, containing 300g of salt per liter, which makes water so dense that humans float on it easily.
Student Answer: I don't know the answer to this question.
Evaluate the student's answer. Return: marks out of 5, feedback, and evaluation_parameter.",0/5 | Parameter: Missing Knowledge | Feedback: This answer needs more effort and a clearer understanding of the topic.
evs,chapter_7,Experiments with Water,Who led the Dandi March and why?,Mahatma Gandhi led the Dandi March in 1930 to protest against the British salt law.,Mahatma Gandhi led the Dandi March in 1930 to protest against the British salt law.,5,5,Excellent answer! You explained the concept of Experiments with Water very clearly.,Conceptual Understanding & Factual Accuracy,"Subject: evs
Chapter: Experiments with Water
Question: Who led the Dandi March and why?
Expected Answer: Mahatma Gandhi led the Dandi March in 1930 to protest against the British salt law.
Student Answer: Mahatma Gandhi led the Dandi March in 1930 to protest against the British salt law.
Evaluate the student's answer. Return: marks out of 5, feedback, and evaluation_parameter.",5/5 | Parameter: Conceptual Understanding & Factual Accuracy | Feedback: Excellent answer! You explained the concept of Experiments with Water very clearly.
evs,chapter_7,Experiments with Water,Who led the Dandi March and why?,Mahatma Gandhi led the Dandi March in 1930 to protest against the British salt law.,Mahatma Gandhi led the Dandi March in.,3,5,"Good attempt. You mentioned some correct points, but please add more details for a complete explanation.",Incomplete Explanation,"Subject: evs
Chapter: Experiments with Water
Question: Who led the Dandi March and why?
Expected Answer: Mahatma Gandhi led the Dandi March in 1930 to protest against the British salt law.
Student Answer: Mahatma Gandhi led the Dandi March in.
Evaluate the student's answer. Return: marks out of 5, feedback, and evaluation_parameter.","3/5 | Parameter: Incomplete Explanation | Feedback: Good attempt. You mentioned some correct points, but please add more details for a complete explanation."
evs,chapter_7,Experiments with Water,Who led the Dandi March and why?,Mahatma Gandhi led the Dandi March in 1930 to protest against the British salt law.,I don't know the answer to this question.,0,5,This answer needs more effort and a clearer understanding of the topic.,Missing Knowledge,"Subject: evs
Chapter: Experiments with Water
Question: Who led the Dandi March and why?
Expected Answer: Mahatma Gandhi led the Dandi March in 1930 to protest against the British salt law.
Student Answer: I don't know the answer to this question.
Evaluate the student's answer. Return: marks out of 5, feedback, and evaluation_parameter.",0/5 | Parameter: Missing Knowledge | Feedback: This answer needs more effort and a clearer understanding of the topic.
evs,chapter_8,A Treat for Mosquitoes,Which disease is caused by the bite of a female Anopheles mosquito?,Malaria is caused by the bite of a female Anopheles mosquito.,Malaria is caused by the bite of a female Anopheles mosquito.,5,5,Excellent answer! You explained the concept of A Treat for Mosquitoes very clearly.,Conceptual Understanding & Factual Accuracy,"Subject: evs
Chapter: A Treat for Mosquitoes
Question: Which disease is caused by the bite of a female Anopheles mosquito?
Expected Answer: Malaria is caused by the bite of a female Anopheles mosquito.
Student Answer: Malaria is caused by the bite of a female Anopheles mosquito.
Evaluate the student's answer. Return: marks out of 5, feedback, and evaluation_parameter.",5/5 | Parameter: Conceptual Understanding & Factual Accuracy | Feedback: Excellent answer! You explained the concept of A Treat for Mosquitoes very clearly.
evs,chapter_8,A Treat for Mosquitoes,Which disease is caused by the bite of a female Anopheles mosquito?,Malaria is caused by the bite of a female Anopheles mosquito.,Malaria is caused by the.,3,5,"Good attempt. You mentioned some correct points, but please add more details for a complete explanation.",Incomplete Explanation,"Subject: evs
Chapter: A Treat for Mosquitoes
Question: Which disease is caused by the bite of a female Anopheles mosquito?
Expected Answer: Malaria is caused by the bite of a female Anopheles mosquito.
Student Answer: Malaria is caused by the.
Evaluate the student's answer. Return: marks out of 5, feedback, and evaluation_parameter.","3/5 | Parameter: Incomplete Explanation | Feedback: Good attempt. You mentioned some correct points, but please add more details for a complete explanation."
evs,chapter_8,A Treat for Mosquitoes,Which disease is caused by the bite of a female Anopheles mosquito?,Malaria is caused by the bite of a female Anopheles mosquito.,I don't know the answer to this question.,0,5,This answer needs more effort and a clearer understanding of the topic.,Missing Knowledge,"Subject: evs
Chapter: A Treat for Mosquitoes
Question: Which disease is caused by the bite of a female Anopheles mosquito?
Expected Answer: Malaria is caused by the bite of a female Anopheles mosquito.
Student Answer: I don't know the answer to this question.
Evaluate the student's answer. Return: marks out of 5, feedback, and evaluation_parameter.",0/5 | Parameter: Missing Knowledge | Feedback: This answer needs more effort and a clearer understanding of the topic.
evs,chapter_8,A Treat for Mosquitoes,What medicine was traditionally used to cure Malaria?,The powdered bark of the Cinchona tree was traditionally used to cure Malaria.,The powdered bark of the Cinchona tree was traditionally used to cure Malaria.,5,5,Excellent answer! You explained the concept of A Treat for Mosquitoes very clearly.,Conceptual Understanding & Factual Accuracy,"Subject: evs
Chapter: A Treat for Mosquitoes
Question: What medicine was traditionally used to cure Malaria?
Expected Answer: The powdered bark of the Cinchona tree was traditionally used to cure Malaria.
Student Answer: The powdered bark of the Cinchona tree was traditionally used to cure Malaria.
Evaluate the student's answer. Return: marks out of 5, feedback, and evaluation_parameter.",5/5 | Parameter: Conceptual Understanding & Factual Accuracy | Feedback: Excellent answer! You explained the concept of A Treat for Mosquitoes very clearly.
evs,chapter_8,A Treat for Mosquitoes,What medicine was traditionally used to cure Malaria?,The powdered bark of the Cinchona tree was traditionally used to cure Malaria.,The powdered bark of the Cinchona.,3,5,"Good attempt. You mentioned some correct points, but please add more details for a complete explanation.",Incomplete Explanation,"Subject: evs
Chapter: A Treat for Mosquitoes
Question: What medicine was traditionally used to cure Malaria?
Expected Answer: The powdered bark of the Cinchona tree was traditionally used to cure Malaria.
Student Answer: The powdered bark of the Cinchona.
Evaluate the student's answer. Return: marks out of 5, feedback, and evaluation_parameter.","3/5 | Parameter: Incomplete Explanation | Feedback: Good attempt. You mentioned some correct points, but please add more details for a complete explanation."
evs,chapter_8,A Treat for Mosquitoes,What medicine was traditionally used to cure Malaria?,The powdered bark of the Cinchona tree was traditionally used to cure Malaria.,I don't know the answer to this question.,0,5,This answer needs more effort and a clearer understanding of the topic.,Missing Knowledge,"Subject: evs
Chapter: A Treat for Mosquitoes
Question: What medicine was traditionally used to cure Malaria?
Expected Answer: The powdered bark of the Cinchona tree was traditionally used to cure Malaria.
Student Answer: I don't know the answer to this question.
Evaluate the student's answer. Return: marks out of 5, feedback, and evaluation_parameter.",0/5 | Parameter: Missing Knowledge | Feedback: This answer needs more effort and a clearer understanding of the topic.
evs,chapter_8,A Treat for Mosquitoes,What is Anaemia and what causes it?,"Anaemia is a disease caused by the lack of hemoglobin or iron in the blood, making a person feel weak.","Anaemia is a disease caused by the lack of hemoglobin or iron in the blood, making a person feel weak.",5,5,Excellent answer! You explained the concept of A Treat for Mosquitoes very clearly.,Conceptual Understanding & Factual Accuracy,"Subject: evs
Chapter: A Treat for Mosquitoes
Question: What is Anaemia and what causes it?
Expected Answer: Anaemia is a disease caused by the lack of hemoglobin or iron in the blood, making a person feel weak.
Student Answer: Anaemia is a disease caused by the lack of hemoglobin or iron in the blood, making a person feel weak.
Evaluate the student's answer. Return: marks out of 5, feedback, and evaluation_parameter.",5/5 | Parameter: Conceptual Understanding & Factual Accuracy | Feedback: Excellent answer! You explained the concept of A Treat for Mosquitoes very clearly.
evs,chapter_8,A Treat for Mosquitoes,What is Anaemia and what causes it?,"Anaemia is a disease caused by the lack of hemoglobin or iron in the blood, making a person feel weak.",Anaemia is a disease caused by the lack of hemoglobin.,3,5,"Good attempt. You mentioned some correct points, but please add more details for a complete explanation.",Incomplete Explanation,"Subject: evs
Chapter: A Treat for Mosquitoes
Question: What is Anaemia and what causes it?
Expected Answer: Anaemia is a disease caused by the lack of hemoglobin or iron in the blood, making a person feel weak.
Student Answer: Anaemia is a disease caused by the lack of hemoglobin.
Evaluate the student's answer. Return: marks out of 5, feedback, and evaluation_parameter.","3/5 | Parameter: Incomplete Explanation | Feedback: Good attempt. You mentioned some correct points, but please add more details for a complete explanation."
evs,chapter_8,A Treat for Mosquitoes,What is Anaemia and what causes it?,"Anaemia is a disease caused by the lack of hemoglobin or iron in the blood, making a person feel weak.",I don't know the answer to this question.,0,5,This answer needs more effort and a clearer understanding of the topic.,Missing Knowledge,"Subject: evs
Chapter: A Treat for Mosquitoes
Question: What is Anaemia and what causes it?
Expected Answer: Anaemia is a disease caused by the lack of hemoglobin or iron in the blood, making a person feel weak.
Student Answer: I don't know the answer to this question.
Evaluate the student's answer. Return: marks out of 5, feedback, and evaluation_parameter.",0/5 | Parameter: Missing Knowledge | Feedback: This answer needs more effort and a clearer understanding of the topic.
